Magnitude,UTC Date,UTC Time,Sydney Date,Sydney Time,Latitude,Longitude,Magnitude Type,Tsunamigenic,Significant,Approximate location,Depth (km),Solution finalised,Source,Longitude unc. (+/- km),Latitude unc.  (+/- km),Location algorithm,EVENT ID,ORIGIN ID
2.0,2015-03-19,14:24:36,2015-03-20,01:24:36,-33.137,139.018,ML,-,-,"NE of Jamestown, SA.",0.0,FINL,AUST,-,-,locsat:iasp91,973622,1132928
2.2,2015-03-18,09:46:16,2015-03-18,20:46:16,-32.922,151.472,ML,-,-,"Mulbring area, NSW.",0.0,FINL,AUST,-,-,locsat:iasp91,973618,1132906
3.1,2015-03-18,05:49:56,2015-03-18,16:49:56,-17.946,131.356,ML,-,-,"SE of Kalkaringi, NT.",15.0,FINL,AUST,-,-,locsat:iasp91,973025,1132542
2.4,2015-03-16,16:03:11,2015-03-17,03:03:11,-37.699,142.759,ML,-,-,"Lake Bolac, VIC.",10.0,FINL,AUST,-,-,locsat:iasp91,972624,1131892
2.2,2015-03-15,20:54:50,2015-03-16,07:54:50,-33.529,139.103,ML,-,true,"NE of Burra, SA.",7.0,FINL,AUST,-,-,locsat:iasp91,972170,1131596
3.1,2015-03-15,11:34:42,2015-03-15,22:34:42,-33.545,121.489,ML,-,-,"NW of Esperance, WA.",10.0,FINL,AUST,-,-,locsat:iasp91,972384,1131632
2.5,2015-03-12,19:16:27,2015-03-13,06:16:27,-32.28,138.927,ML,-,-,"NE of Orroroo, SA.",10.0,FINL,AUST,-,-,locsat:iasp91,971056,1130257
1.3,2015-03-10,16:18:50,2015-03-11,03:18:50,-38.048,145.492,ML,-,true,"Pakenham, Vic.",0.0,FINL,AUST,-,-,locsat:iasp91,970238,1129555
2.8,2015-03-10,12:39:48,2015-03-10,23:39:48,-38.043,145.497,ML,-,true,"Pakenham, Vic.",0.0,FINL,AUST,-,-,locsat:iasp91,970177,1129540
2.0,2015-03-10,04:11:58,2015-03-10,15:11:58,-34.302,148.891,ML,-,-,"Near Frogmore, NSW.",10.0,FINL,AUST,-,-,locsat:iasp91,970350,1129512
2.9,2015-03-08,23:41:32,2015-03-09,10:41:32,-25.889,137.432,ML,-,-,"Simpson Desert, NT.",10.0,FINL,AUST,-,-,locsat:iasp91,970756,1129950
2.0,2015-03-08,16:27:24,2015-03-09,03:27:24,-32.204,138.201,ML,-,-,"NE of Quorn, SA.",12.0,FINL,AUST,-,-,locsat:iasp91,970009,1129155
1.9,2015-03-08,03:59:23,2015-03-08,14:59:23,-30.502,117.643,ML,-,-,"Near Beacon, WA.",15.0,FINL,AUST,-,-,locsat:iasp91,969994,1129124
2.0,2015-03-06,15:11:46,2015-03-07,02:11:46,-30.273,117.348,ML,-,-,"NE of Kalannie, WA.",13.0,FINL,AUST,-,-,locsat:iasp91,969989,1129107
2.0,2015-03-06,13:21:59,2015-03-07,00:21:59,-33.464,148.973,ML,-,-,"SW of Orange, NSW.",0.0,FINL,AUST,-,-,locsat:iasp91,969101,1129099
1.8,2015-03-06,08:37:57,2015-03-06,19:37:57,-30.256,117.253,ML,-,-,"NE of Kalannie, WA.",10.0,FINL,AUST,-,-,locsat:iasp91,969987,1129104
1.9,2015-03-06,04:46:55,2015-03-06,15:46:55,-30.289,117.268,ML,-,-,"NE of Kalannie, WA.",14.0,FINL,-,-,-,locsat:iasp91,969986,1129102
2.3,2015-03-06,03:43:28,2015-03-06,14:43:28,-30.217,117.272,ML,-,-,"NE of Kalannie, WA.",0.0,FINL,AUST,-,-,dbgenloc:iasp91,968811,1127900
2.6,2015-03-06,01:39:40,2015-03-06,12:39:40,-30.28,117.252,ML,-,-,"NE of Kalannie, WA.",15.0,FINL,AUST,-,-,locsat:iasp91,968773,1127891
2.5,2015-03-06,01:39:18,2015-03-06,12:39:18,-30.317,117.228,ML,-,-,"NE of Kalannie, WA.",18.0,FINL,AUST,-,-,locsat:iasp91,968773,1127870
1.7,2015-03-06,00:44:36,2015-03-06,11:44:36,-30.271,117.278,ML,-,-,"NE of Kalannie, WA.",11.0,FINL,AUST,-,-,locsat:iasp91,968775,1127860
2.1,2015-03-06,00:41:52,2015-03-06,11:41:52,-30.289,117.242,ML,-,-,"NE of Kalannie, WA.",16.0,FINL,AUST,-,-,locsat:iasp91,968771,1127858
1.9,2015-03-06,00:38:39,2015-03-06,11:38:39,-30.291,117.248,ML,-,-,"NE of Kalannie, WA.",15.0,FINL,AUST,-,-,locsat:iasp91,968769,1127857
2.5,2015-03-06,00:35:40,2015-03-06,11:35:40,-30.314,117.266,ML,-,-,"NE of Kalannie, WA.",16.0,FINL,AUST,-,-,locsat:iasp91,968751,1127854
2.2,2015-03-05,20:54:50,2015-03-06,07:54:50,-30.307,117.27,ML,-,-,"NE of Kalannie, WA.",10.0,FINL,AUST,-,-,locsat:iasp91,968624,1127719
2.4,2015-03-05,18:38:36,2015-03-06,05:38:36,-30.296,117.278,ML,-,-,"NE of Kalannie, WA.",15.0,FINL,AUST,-,-,locsat:iasp91,968563,1127749
3.0,2015-03-05,14:58:51,2015-03-06,01:58:51,-30.285,117.298,ML,-,-,"NE of Kalannie, WA.",14.0,FINL,AUST,-,-,locsat:iasp91,968467,1127726
3.1,2015-03-05,01:35:19,2015-03-05,12:35:19,-38.345,146.144,ML,-,true,"SW of Moe, Vic.",0.0,FINL,AUST,-,-,locsat:iasp91,968249,1127318
2.4,2015-03-04,23:58:13,2015-03-05,10:58:13,-30.302,117.296,ML,-,-,"Near Kalannie, WA.",10.0,FINL,AUST,-,-,locsat:iasp91,968188,1127237
1.7,2015-03-04,17:41:40,2015-03-05,04:41:40,-31.7,117.044,ML,-,-,"Meckering, WA.",10.0,FINL,AUST,-,-,locsat:iasp91,968210,1127211
2.4,2015-03-04,09:00:42,2015-03-04,20:00:42,-30.289,117.359,ML,-,-,"NE of Kalannie, WA.",10.0,FINL,AUST,-,-,locsat:iasp91,968076,1127168
3.6,2015-03-04,03:01:29,2015-03-04,14:01:29,-18.134,119.213,ML,-,-,"Offshore N of Port Hedland, WA.",105.0,FINL,AUST,-,-,locsat:iasp91,968187,1127177
1.9,2015-03-02,20:26:46,2015-03-03,07:26:46,-32.369,138.505,ML,-,-,"N of Carrieton, SA.",15.0,FINL,-,-,-,locsat:iasp91,967716,1126674
2.5,2015-02-27,06:22:57,2015-02-27,17:22:57,-27.841,138.934,ML,-,-,"Stony Desert, SA.",10.0,FINL,AUST,-,-,locsat:iasp91,967345,1126266
1.5,2015-02-26,11:51:02,2015-02-26,22:51:02,-35.872,148.975,ML,-,-,"NE of Adaminaby, NSW.",12.0,FINL,AUST,-,-,locsat:iasp91,966099,1125011
2.2,2015-02-26,11:18:48,2015-02-26,22:18:48,-36.417,147.567,ML,-,-,"SW of Corryong, Vic.",10.0,FINL,AUST,-,-,locsat:iasp91,966097,1125007
1.9,2015-02-25,05:39:40,2015-02-25,16:39:40,-32.281,138.387,ML,-,-,"NE of Quorn, SA.",0.0,FINL,AUST,-,-,locsat:iasp91,965565,1124441
2.5,2015-02-24,18:06:55,2015-02-25,05:06:55,-33.462,148.967,ML,-,-,"SW of Orange, NSW.",0.0,FINL,AUST,-,-,locsat:iasp91,965204,1124048
2.4,2015-02-24,15:58:39,2015-02-25,02:58:39,-30.408,117.782,ML,-,-,"Near Beacon, WA.",11.0,FINL,AUST,-,-,locsat:iasp91,965201,1124041
2.1,2015-02-23,20:02:43,2015-02-24,07:02:43,-33.98,147.332,ML,-,-,"Near Wyalong, NSW.",0.0,FINL,AUST,-,-,locsat:iasp91,964984,1123810
1.8,2015-02-22,10:35:55,2015-02-22,21:35:55,-33.328,138.649,ML,-,-,"S of Jamestown, SA.",0.0,FINL,AUST,-,-,locsat:iasp91,964685,1123501
2.0,2015-02-21,21:14:18,2015-02-22,08:14:18,-30.47,117.774,ML,-,-,"Near Beacon, WA.",11.0,FINL,AUST,-,-,locsat:iasp91,964644,1123455
2.7,2015-02-20,20:00:59,2015-02-21,07:00:59,-30.099,150.315,ML,-,-,"NE of Narrabri, NSW.",10.0,FINL,AUST,-,-,locsat:iasp91,964610,1123413
2.1,2015-02-20,15:44:20,2015-02-21,02:44:20,-27.48,117.816,ML,-,-,"Near Cue, WA.",10.0,FINL,AUST,-,-,locsat:iasp91,964607,1123398
2.5,2015-02-20,03:40:18,2015-02-20,14:40:18,-29.607,137.602,ML,-,-,"W of Marree, SA.",10.0,FINL,AUST,-,-,locsat:iasp91,964577,1123368
1.9,2015-02-19,10:58:17,2015-02-19,21:58:17,-33.395,138.495,ML,-,-,"Near Georgetown, SA.",7.0,FINL,AUST,-,-,locsat:iasp91,963429,1122202
2.4,2015-02-19,04:00:17,2015-02-19,15:00:17,-25.053,151.345,ML,-,-,"NE of Eidsvold, QLD.",0.0,FINL,AUST,-,-,locsat:iasp91,963428,1122200
4.0,2015-02-16,05:56:49,2015-02-16,16:56:49,-25.054,151.459,ML,-,true,"Near Eidsvold, QLD.",0.0,FINL,AUST,-,-,locsat:iasp91,962154,1121076
2.5,2015-02-15,18:06:07,2015-02-16,05:06:07,-25.014,151.326,ML,-,-,"Near Eidsvold, QLD.",0.0,FINL,AUST,-,-,locsat:iasp91,962092,1120814
1.6,2015-02-15,18:03:31,2015-02-16,05:03:31,-34.82,149.21,ML,-,-,"Near Gunning, NSW.",0.0,FINL,AUST,-,-,locsat:iasp91,962097,1120817
3.4,2015-02-15,17:37:04,2015-02-16,04:37:04,-25.069,151.455,ML,-,-,"Near Eidsvold, QLD.",5.0,FINL,AUST,-,-,locsat:iasp91,962081,1120796
3.2,2015-02-15,16:40:34,2015-02-16,03:40:34,-25.059,151.513,ML,-,-,"Near Eidsvold, QLD.",1.0,FINL,AUST,-,-,locsat:iasp91,961974,1120791
5.1,2015-02-15,15:57:10,2015-02-16,02:57:10,-25.219,151.374,ML,-,true,"Near Eidsvold, QLD.",15.0,FINL,AUST,-,-,locsat:iasp91,961942,1120700
3.3,2015-02-13,22:15:12,2015-02-14,09:15:12,-30.627,121.532,ML,-,true,"NE of Kalgoorlie, WA.",13.0,FINL,AUST,-,-,locsat:iasp91,962076,1120775
1.8,2015-02-13,16:44:09,2015-02-14,03:44:09,-32.658,138.303,ML,-,-,"NE of Melrose, SA.",15.0,FINL,AUST,-,-,locsat:iasp91,962063,1120744
1.4,2015-02-13,11:30:20,2015-02-13,22:30:20,-35.6,148.627,ML,-,-,"Near Bimberi, NSW.",10.0,FINL,AUST,-,-,locsat:iasp91,962062,1120734
1.6,2015-02-12,13:06:38,2015-02-13,00:06:38,-30.434,117.078,ML,-,-,"Near Kalannie, WA.",11.0,FINL,AUST,-,-,locsat:iasp91,960995,1119633
2.9,2015-02-12,05:02:07,2015-02-12,16:02:07,-29.369,116.604,ML,-,-,"SE of Morawa, WA.",10.0,FINL,AUST,-,-,locsat:iasp91,960958,1119593
1.8,2015-02-11,23:37:49,2015-02-12,10:37:49,-32.126,117.198,ML,-,-,"SW of Quairading, WA.",6.0,FINL,AUST,-,-,locsat:iasp91,960990,1119626
2.3,2015-02-09,11:44:15,2015-02-09,22:44:15,-30.434,117.737,ML,-,-,"Near Beacon, WA.",8.0,FINL,AUST,-,-,locsat:iasp91,960049,1118655
1.9,2015-02-02,04:55:58,2015-02-02,15:55:58,-31.3,117.386,ML,-,-,"S of Wyalkatchem, WA.",5.0,FINL,AUST,-,-,locsat:iasp91,957992,1116506
3.2,2015-01-31,15:02:39,2015-02-01,02:02:39,-19.68,133.95,ML,-,-,"Tennant Creek, NT.",10.0,FINL,AUST,-,-,locsat:iasp91,956852,1116060
1.7,2015-01-31,09:22:28,2015-01-31,20:22:28,-33.722,136.497,ML,-,-,"Cleve, SA.",3.0,FINL,AUST,-,-,locsat:iasp91,957549,1116035
2.1,2015-01-30,01:38:33,2015-01-30,12:38:33,-31.281,117.4,ML,-,-,"Near Wyalkatchem, WA.",5.0,FINL,AUST,-,-,locsat:iasp91,957482,1115952
2.8,2015-01-29,05:02:09,2015-01-29,16:02:09,-29.259,116.741,ML,-,-,"SE of Morawa, WA.",0.0,FINL,AUST,-,-,locsat:iasp91,956222,1114694
1.7,2015-01-28,17:43:32,2015-01-29,04:43:32,-33.399,136.788,ML,-,-,"SE of Kimba, SA.",7.0,FINL,AUST,-,-,locsat:iasp91,955999,1114447
1.8,2015-01-28,15:48:24,2015-01-29,02:48:24,-31.3,117.386,ML,-,-,"S of Wyalkatchem, WA.",0.0,FINL,AUST,-,-,locsat:iasp91,955994,1114440
2.0,2015-01-28,02:04:19,2015-01-28,13:04:19,-36.874,144.17,ML,-,-,"Near Bradford, VIC.",10.0,FINL,AUST,-,-,locsat:iasp91,955989,1114434
2.2,2015-01-24,19:18:51,2015-01-25,06:18:51,-30.473,117.706,ML,-,-,"Near Beacon, WA.",15.0,FINL,AUST,-,-,locsat:iasp91,955297,1113707
3.3,2015-01-24,18:44:09,2015-01-25,05:44:09,-23.751,143.344,ML,-,-,"SW of Longreach, QLD.",10.0,FINL,AUST,-,-,locsat:iasp91,955296,1113704
2.2,2015-01-24,17:56:58,2015-01-25,04:56:58,-30.43,117.749,ML,-,-,"Near Beacon, WA.",7.0,FINL,AUST,-,-,locsat:iasp91,955295,1113693
1.6,2015-01-23,09:27:01,2015-01-23,20:27:01,-33.039,138.632,ML,-,-,"N of Jamestown, SA.",2.0,FINL,-,-,-,locsat:iasp91,955293,1113688
2.8,2015-01-23,05:56:22,2015-01-23,16:56:22,-31.424,121.488,ML,-,-,"Kambalda, Goldfields, Western Australia.",4.0,FINL,AUST,-,-,locsat:iasp91,956006,1114464
2.0,2015-01-23,01:11:11,2015-01-23,12:11:11,-30.291,117.286,ML,-,-,"Koorda, WA.",12.0,FINL,AUST,-,-,locsat:iasp91,955288,1113676
2.3,2015-01-22,04:29:13,2015-01-22,15:29:13,-32.39,138.164,ML,-,-,"Near Quorn, SA.",10.0,FINL,AUST,-,-,locsat:iasp91,954288,1112674
1.8,2015-01-21,08:02:15,2015-01-21,19:02:15,-30.288,117.289,ML,-,-,"Near Kalannie, WA.",11.0,FINL,AUST,-,-,locsat:iasp91,953657,1112339
2.5,2015-01-21,06:11:20,2015-01-21,17:11:20,-32.898,151.441,ML,-,-,"Mulbring, NSW.",4.0,FINL,AUST,-,-,locsat:iasp91,953605,1112333
1.7,2015-01-20,15:43:31,2015-01-21,02:43:31,-32.122,117.197,ML,-,-,"Quarading Area, WA.",5.0,FINL,AUST,-,-,locsat:iasp91,953899,1112245
2.1,2015-01-19,09:08:26,2015-01-19,20:08:26,-30.456,117.7,ML,-,-,"Near Beacon, WA.",13.0,FINL,AUST,-,-,locsat:iasp91,953085,1111407
2.4,2015-01-18,17:30:37,2015-01-19,04:30:37,-31.694,117.052,ML,-,-,"Near Meckering, WA.",12.0,FINL,AUST,-,-,locsat:iasp91,952580,1111392
2.1,2015-01-18,17:09:23,2015-01-19,04:09:23,-30.439,117.743,ML,-,-,"Near Beacon, WA.",7.0,FINL,AUST,-,-,locsat:iasp91,953071,1111385
2.2,2015-01-18,17:04:13,2015-01-19,04:04:13,-30.435,117.798,ML,-,-,"Near Beacon, WA.",9.0,FINL,AUST,-,-,locsat:iasp91,953070,1111381
2.6,2015-01-18,15:57:47,2015-01-19,02:57:47,-30.697,121.176,ML,-,-,"N of Coolgardie, WA.",10.0,FINL,AUST,-,-,locsat:iasp91,953069,1111375
2.2,2015-01-17,21:44:27,2015-01-18,08:44:27,-32.263,117.339,ML,-,-,"SW of Quairading, WA.",9.0,FINL,-,-,-,locsat:iasp91,952799,1111092
2.3,2015-01-17,21:30:36,2015-01-18,08:30:36,-31.956,138.632,ML,-,-,"SE of Hawker, SA.",0.0,FINL,AUST,-,-,locsat:iasp91,952800,1111095
2.8,2015-01-17,17:41:47,2015-01-18,04:41:47,-23.306,119.3,ML,-,-,"W of Newman, WA.",0.0,FINL,AUST,-,-,locsat:iasp91,953035,1111339
2.0,2015-01-15,10:36:20,2015-01-15,21:36:20,-34.361,138.486,ML,-,-,"Near Mallala, SA.",8.0,FINL,AUST,-,-,locsat:iasp91,951475,1109745
2.1,2015-01-15,05:55:06,2015-01-15,16:55:06,-30.411,117.76,ML,-,-,"Near Beacon, WA.",2.0,FINL,AUST,-,-,locsat:iasp91,951461,1109725
3.2,2015-01-14,12:12:43,2015-01-14,23:12:43,-23.46,114.522,ML,-,-,"NE of Minilya, WA.",10.0,FINL,AUST,-,-,locsat:iasp91,951082,1109348
3.7,2015-01-13,23:37:09,2015-01-14,10:37:09,-41.423,145.097,ML,-,true,"Near Savage River, Tas.",0.0,FINL,-,-,-,locsat:iasp91,950786,1109027
2.2,2015-01-12,16:51:41,2015-01-13,03:51:41,-32.327,138.181,ML,-,-,"E of Quorn, SA.",8.0,FINL,AUST,-,-,locsat:iasp91,950225,1108641
1.9,2015-01-11,03:20:31,2015-01-11,14:20:31,-33.15,138.734,ML,false,false,"NE of Jamestown, SA.",0.0,FINL,AUST,-,-,-,2740266,2157400
2.4,2015-01-10,14:33:34,2015-01-11,01:33:34,-32.847,151.456,ML,-,-,"Near Cessnock, NSW.",0.0,FINL,AUST,-,-,locsat:iasp91,949960,1108156
2.1,2015-01-09,18:44:29,2015-01-10,05:44:29,-34.334,150.78,ML,-,-,"Near Wilton, NSW.",10.0,FINL,AUST,-,-,locsat:iasp91,949211,1108115
2.5,2015-01-09,18:23:23,2015-01-10,05:23:23,-33.086,138.333,ML,-,true,"Stone Hut, SA.",13.0,FINL,AUST,-,-,locsat:iasp91,949204,1108112
2.7,2015-01-09,07:32:41,2015-01-09,18:32:41,-32.876,138.478,ML,-,-,"SW of Orroroo, SA.",6.0,FINL,AUST,-,-,dbgenloc:sa2a,949154,1107314
2.9,2015-01-08,05:06:41,2015-01-08,16:06:41,-29.15,116.776,ML,-,-,"E of Morawa, WA.",10.0,FINL,AUST,-,-,locsat:iasp91,949078,1107229
2.3,2015-01-07,19:46:04,2015-01-08,06:46:04,-31.9,138.754,ML,-,-,"E of Hawker, SA.",10.0,FINL,AUST,-,-,locsat:iasp91,948856,1106981
3.4,2015-01-06,12:41:29,2015-01-06,23:41:29,-26.862,133.071,ML,-,-,"SE of Ernabella, SA.",4.0,FINL,AUST,-,-,locsat:iasp91,948820,1106925
2.6,2015-01-05,20:25:33,2015-01-06,07:25:33,-29.849,120.848,ML,-,-,"S of Lake Ballard, WA.",10.0,FINL,AUST,-,-,locsat:iasp91,948810,1106904
2.5,2015-01-04,23:09:23,2015-01-05,10:09:23,-29.993,137.637,ML,-,-,"SW of Marree, SA.",10.0,FINL,AUST,-,-,locsat:iasp91,948550,1106626
2.2,2015-01-04,00:32:45,2015-01-04,11:32:45,-31.097,118.624,ML,-,-,"SE of Mukinbudin, WA.",0.0,FINL,AUST,-,-,locsat:iasp91,948532,1106590
2.6,2014-12-29,14:21:53,2014-12-30,01:21:53,-29.782,137.885,ML,-,-,"SW of Marree, SA.",10.0,FINL,AUST,-,-,locsat:iasp91,948173,1106180
3.4,2014-12-29,09:21:55,2014-12-29,20:21:55,-19.852,133.907,ML,-,-,"SW of Tennant Creek, NT.",12.0,FINL,AUST,-,-,locsat:iasp91,944623,1106148
2.8,2014-12-28,05:30:53,2014-12-28,16:30:53,-29.195,116.826,ML,-,-,"Near Rothsay, WA.",10.0,FINL,AUST,-,-,locsat:iasp91,944166,1105570
1.9,2014-12-27,19:50:04,2014-12-28,06:50:04,-33.302,148.826,ML,-,-,"W of Orange, NSW.",10.0,FINL,AUST,-,-,locsat:iasp91,947582,1105557
2.3,2014-12-26,04:08:34,2014-12-26,15:08:34,-31.252,118.356,ML,-,-,"NE of Merredin, WA.",15.0,FINL,AUST,-,-,locsat:iasp91,947563,1105520
2.1,2014-12-24,10:43:44,2014-12-24,21:43:44,-40.033,144.357,ML,-,-,E of King Island.,0.0,FINL,AUST,-,-,locsat:iasp91,947521,1105453
1.5,2014-12-22,16:26:03,2014-12-23,03:26:03,-34.227,148.942,ML,-,-,"Near Frogmore, NSW.",0.0,FINL,AUST,-,-,locsat:iasp91,942040,1099938
1.9,2014-12-22,15:45:47,2014-12-23,02:45:47,-32.107,117.177,ML,-,-,"Near Beverley, WA.",0.0,FINL,AUST,-,-,locsat:iasp91,942133,1100045
3.0,2014-12-22,11:58:15,2014-12-22,22:58:15,-31.881,141.83,ML,-,true,"Near Broken Hill, NSW.",15.0,FINL,AUST,-,-,locsat:iasp91,941854,1099928
2.0,2014-12-21,12:24:01,2014-12-21,23:24:01,-31.703,117.045,ML,-,-,"Near Meckering, WA.",0.0,FINL,AUST,-,-,locsat:iasp91,941735,1099623
2.5,2014-12-20,22:22:02,2014-12-21,09:22:02,-27.205,140.962,ML,-,-,"Near Haddon Corner, SA.",10.0,FINL,AUST,-,-,locsat:iasp91,941723,1099584
2.3,2014-12-20,12:47:47,2014-12-20,23:47:47,-32.017,138.501,ML,-,-,"SE of Hawker, SA.",10.0,FINL,AUST,-,-,locsat:iasp91,940825,1099595
3.3,2014-12-20,09:50:17,2014-12-20,20:50:17,-38.02,148.422,ML,-,true,"S of Orbost, Vic.",0.0,FINL,AUST,-,-,locsat:iasp91,940764,1099578
2.1,2014-12-19,05:56:20,2014-12-19,16:56:20,-35.687,136.956,ML,-,-,"Kangaroo Island, SA.",10.0,FINL,AUST,-,-,locsat:iasp91,941688,1099525
2.1,2014-12-18,17:48:52,2014-12-19,04:48:52,-29.118,116.043,ML,-,-,"N of Morawa, WA.",14.0,FINL,AUST,-,-,locsat:iasp91,940218,1098027
1.7,2014-12-18,16:52:50,2014-12-19,03:52:50,-32.125,117.189,ML,-,-,"SW of Quairading, WA.",8.0,FINL,AUST,-,-,locsat:iasp91,940217,1098023
1.8,2014-12-17,17:14:02,2014-12-18,04:14:02,-33.187,138.693,ML,-,-,"Jamestown, SA.",5.0,FINL,AUST,-,-,locsat:iasp91,939708,1097503
2.2,2014-12-15,10:57:57,2014-12-15,21:57:57,-32.869,151.426,ML,-,true,"Near Cessnock, NSW.",0.0,FINL,AUST,-,-,locsat:iasp91,938673,1096611
1.8,2014-12-14,13:25:29,2014-12-15,00:25:29,-32.118,117.183,ML,-,-,"SW of Quairading, WA.",5.0,FINL,AUST,-,-,locsat:iasp91,938557,1096287
1.6,2014-12-13,16:20:25,2014-12-14,03:20:25,-34.587,149.233,ML,-,-,"N of Gunning, NSW.",0.0,FINL,AUST,-,-,locsat:iasp91,939718,1097518
2.0,2014-12-13,08:21:25,2014-12-13,19:21:25,-31.392,138.645,ML,-,-,"N of Hawker, SA.",0.0,FINL,AUST,-,-,locsat:iasp91,938509,1096234
2.4,2014-12-11,09:21:19,2014-12-11,20:21:19,-33.788,147.611,ML,-,-,"Near West Wyalong, NSW.",14.0,FINL,AUST,-,-,locsat:iasp91,937386,1095090
2.0,2014-12-10,15:04:43,2014-12-11,02:04:43,-34.786,137.269,ML,-,-,"N of Point Souttar, SA.",0.0,FINL,AUST,-,-,locsat:iasp91,937347,1095045
1.6,2014-12-10,05:33:50,2014-12-10,16:33:50,-34.251,148.945,ML,-,-,"Near Frogmore, NSW.",11.0,FINL,AUST,-,-,locsat:iasp91,937301,1094999
2.4,2014-12-09,21:10:04,2014-12-10,08:10:04,-33.743,136.47,ML,-,-,"Near Cleve, SA.",4.0,FINL,AUST,-,-,locsat:iasp91,937382,1095083
2.5,2014-12-09,12:41:50,2014-12-09,23:41:50,-32.543,150.659,ML,-,-,"S of Denman, NSW.",11.0,FINL,AUST,-,-,locsat:iasp91,936592,1094281
2.7,2014-12-08,05:26:48,2014-12-08,16:26:48,-29.142,116.807,ML,-,-,"E of Morawa, WA.",10.0,FINL,AUST,-,-,locsat:iasp91,936568,1094216
2.6,2014-12-07,21:51:22,2014-12-08,08:51:22,-33.871,147.384,ML,-,-,"Near Wyalong, NSW.",0.0,FINL,AUST,-,-,locsat:iasp91,936588,1094260
2.8,2014-12-07,17:17:25,2014-12-08,04:17:25,-19.739,133.974,ML,-,-,"Tennant Creek, NT.",10.0,FINL,AUST,-,-,locsat:iasp91,936586,1094255
1.7,2014-12-06,15:56:33,2014-12-07,02:56:33,-33.653,118.293,ML,-,-,"SE of Nyabing, WA.",4.0,FINL,AUST,-,-,locsat:iasp91,936091,1093727
3.3,2014-12-06,06:09:29,2014-12-06,17:09:29,-17.616,127.388,ML,-,-,"NW of Halls Creek, WA.",10.0,FINL,AUST,-,-,locsat:iasp91,934440,1093715
2.9,2014-12-05,23:16:25,2014-12-06,10:16:25,-19.017,123.45,ML,-,-,"SE of Broome, WA.",10.0,FINL,AUST,-,-,locsat:iasp91,936078,1093693
2.8,2014-12-05,03:57:28,2014-12-05,14:57:28,-30.738,117.153,ML,-,-,"Cadoux, WA.",5.0,FINL,AUST,-,-,locsat:iasp91,934196,1093663
1.4,2014-12-05,01:48:00,2014-12-05,12:48:00,-33.393,138.222,ML,-,-,"Crystal Brook, SA.",13.0,FINL,AUST,-,-,locsat:iasp91,935616,1093217
1.8,2014-12-04,16:55:44,2014-12-05,03:55:44,-32.226,116.981,ML,-,-,"S of Beverley, WA.",3.0,FINL,AUST,-,-,locsat:iasp91,934123,1091721
3.3,2014-12-03,19:05:10,2014-12-04,06:05:10,-38.102,145.442,ML,-,true,"Pakenham, Melbourne, Vic.",10.0,FINL,AUST,-,-,locsat:iasp91,933580,1091201
2.7,2014-12-03,02:46:04,2014-12-03,13:46:04,-30.617,117.668,ML,-,-,"SW of Beacon, WA.",6.0,FINL,AUST,-,-,locsat:iasp91,933268,1091260
2.0,2014-12-02,22:38:32,2014-12-03,09:38:32,-30.437,117.759,ML,-,-,"Beacon, WA.",15.0,FINL,AUST,-,-,locsat:iasp91,933180,1090734
2.4,2014-12-02,18:08:23,2014-12-03,05:08:23,-30.439,117.781,ML,-,-,"Beacon, WA.",13.0,FINL,AUST,-,-,locsat:iasp91,933179,1090731
3.4,2014-12-02,16:34:40,2014-12-03,03:34:40,-38.436,145.813,ML,-,true,"Korumburra, Vic.",9.0,FINL,AUST,-,-,locsat:iasp91,933000,1090674
2.1,2014-12-01,20:42:01,2014-12-02,07:42:01,-32.879,138.801,ML,-,-,"Near Peterborough, SA.",1.0,FINL,AUST,-,-,locsat:iasp91,932642,1090152
2.0,2014-12-01,13:32:16,2014-12-02,00:32:16,-36.312,148.913,ML,-,-,"NE of Berridale, NSW.",11.0,FINL,AUST,-,-,locsat:iasp91,932612,1090112
3.7,2014-12-01,10:25:15,2014-12-01,21:25:15,-21.716,131.3,ML,-,-,"NW of Yuendumu, NT.",10.0,FINL,AUST,-,-,locsat:iasp91,932349,1090064
1.8,2014-11-29,22:14:07,2014-11-30,09:14:07,-36.158,148.878,ML,-,-,"N of Berridale, NSW.",0.0,FINL,AUST,-,-,locsat:iasp91,932271,1089731
1.9,2014-11-28,15:28:44,2014-11-29,02:28:44,-36.273,148.814,ML,-,-,"N of Berridale, NSW.",2.0,FINL,AUST,-,-,locsat:iasp91,932208,1089697
4.0,2014-11-28,03:01:45,2014-11-28,14:01:45,-26.054,112.569,ML,-,true,"SW of Carnarvon, WA.",15.0,FINL,AUST,-,-,locsat:iasp91,930859,1088297
2.1,2014-11-27,02:44:32,2014-11-27,13:44:32,-30.425,117.748,ML,-,-,"Near Beacon, WA.",5.0,FINL,AUST,-,-,locsat:iasp91,930753,1088149
2.0,2014-11-27,01:46:56,2014-11-27,12:46:56,-30.467,117.726,ML,-,-,"Near Beacon, WA.",10.0,FINL,AUST,-,-,locsat:iasp91,930751,1088145
2.1,2014-11-26,14:08:18,2014-11-27,01:08:18,-31.697,117.048,ML,-,-,"Near Meckering, WA.",10.0,FINL,AUST,-,-,locsat:iasp91,930442,1087837
2.3,2014-11-25,00:12:30,2014-11-25,11:12:30,-30.637,117.65,ML,-,-,"NE of Koorda, WA.",10.0,FINL,AUST,-,-,locsat:iasp91,929491,1086867
2.5,2014-11-24,01:22:44,2014-11-24,12:22:44,-29.056,114.577,ML,-,-,"S of Geraldton, WA.",10.0,FINL,AUST,-,-,locsat:iasp91,928981,1086343
2.0,2014-11-21,22:00:37,2014-11-22,09:00:37,-30.874,117.037,ML,-,-,"Near Manmanning, WA.",1.0,FINL,AUST,-,-,locsat:iasp91,928631,1085954
3.3,2014-11-19,05:13:17,2014-11-19,16:13:17,-35.15,147.963,ML,-,true,"Near Gundagai, NSW.",0.0,FINL,AUST,-,-,locsat:iasp91,926362,1083671
1.2,2014-11-18,16:58:24,2014-11-19,03:58:24,-35.023,149.112,ML,-,-,"Near Murrumbateman, NSW.",0.0,FINL,AUST,-,-,locsat:iasp91,926181,1083444
2.1,2014-11-17,20:49:33,2014-11-18,07:49:33,-33.429,138.503,ML,-,-,"Near Georgetown, SA.",0.0,FINL,AUST,-,-,locsat:iasp91,925451,1082699
1.7,2014-11-17,07:30:49,2014-11-17,18:30:49,-33.019,138.742,ML,-,-,"Peterborough, SA.",4.0,FINL,AUST,-,-,locsat:iasp91,926180,1083443
2.5,2014-11-16,03:24:38,2014-11-16,14:24:38,-32.49,122.547,ML,-,-,"SE of Norseman, WA.",10.0,FINL,AUST,-,-,locsat:iasp91,925409,1082636
2.2,2014-11-15,18:02:17,2014-11-16,05:02:17,-31.146,139.158,ML,-,-,"E of Blinman, SA.",10.0,FINL,AUST,-,-,locsat:iasp91,925421,1082650
1.5,2014-11-15,13:29:21,2014-11-16,00:29:21,-32.803,138.387,ML,-,-,Near Booleroo Centre.,7.0,FINL,AUST,-,-,locsat:iasp91,924642,1081856
2.0,2014-11-14,17:26:00,2014-11-15,04:26:00,-31.68,117.022,ML,-,-,"Meckering, WA.",0.0,FINL,AUST,-,-,locsat:iasp91,924407,1081572
2.0,2014-11-13,04:57:36,2014-11-13,15:57:36,-32.542,138.474,ML,-,-,"SE of Quorn, SA.",10.0,FINL,AUST,-,-,locsat:iasp91,922476,1079626
3.8,2014-11-12,02:00:22,2014-11-12,13:00:22,-18.287,125.666,ML,-,true,"Near Fitzroy Crossing, WA.",18.0,FINL,AUST,-,-,locsat:iasp91,921840,1078994
2.1,2014-11-11,05:38:02,2014-11-11,16:38:02,-30.895,117.931,ML,-,-,"Bencubbin, WA.",0.0,FINL,AUST,-,-,locsat:iasp91,921753,1078869
2.3,2014-11-09,05:06:33,2014-11-09,16:06:33,-38.494,146.107,ML,-,-,"Near Leongatha, VIC.",3.0,FINL,AUST,-,-,locsat:iasp91,920737,1077821
1.9,2014-11-08,23:55:07,2014-11-09,10:55:07,-30.66,117.366,ML,-,-,"NW of Koorda, WA.",0.0,FINL,AUST,-,-,locsat:iasp91,920736,1077805
2.2,2014-11-08,22:04:21,2014-11-09,09:04:21,-30.462,117.589,ML,-,-,"W of Beacon, WA.",0.0,FINL,AUST,-,-,locsat:iasp91,920734,1077802
2.2,2014-11-08,10:30:05,2014-11-08,21:30:05,-33.963,147.251,ML,-,true,"Wyalong, NSW.",0.0,FINL,AUST,-,-,locsat:iasp91,920003,1077772
2.1,2014-11-08,07:11:23,2014-11-08,18:11:23,-30.821,121.493,ML,-,true,"Near Boulder, WA.",8.0,FINL,AUST,-,-,locsat:iasp91,919965,1077784
1.6,2014-11-08,04:05:52,2014-11-08,15:05:52,-33.853,139.109,ML,-,-,"Near Burra, SA.",10.0,FINL,AUST,-,-,locsat:iasp91,920720,1077780
2.4,2014-11-06,00:58:11,2014-11-06,11:58:11,-30.652,117.633,ML,-,-,"Near Beacon, WA.",10.0,FINL,AUST,-,-,locsat:iasp91,919346,1076360
2.6,2014-11-05,22:01:02,2014-11-06,09:01:02,-33.705,117.075,ML,-,-,"Near Kojonup, WA.",5.0,FINL,AUST,-,-,locsat:iasp91,919063,1076109
2.6,2014-11-05,12:13:32,2014-11-05,23:13:32,-33.699,117.249,ML,-,-,"Near Kojonup, WA.",13.0,FINL,AUST,-,-,locsat:iasp91,919079,1076079
2.7,2014-11-05,03:45:07,2014-11-05,14:45:07,-33.701,117.111,ML,-,-,"Near Kojonup, WA.",6.0,FINL,AUST,-,-,locsat:iasp91,918833,1076065
2.9,2014-11-04,15:55:42,2014-11-05,02:55:42,-30.92,121.133,ML,-,true,"Coolgardie, WA.",9.0,FINL,AUST,-,-,locsat:iasp91,918783,1075750
2.6,2014-11-04,04:41:27,2014-11-04,15:41:27,-30.441,117.836,ML,-,-,"Beacon, WA.",3.0,FINL,AUST,-,-,locsat:iasp91,918646,1075775
2.6,2014-11-04,00:33:46,2014-11-04,11:33:46,-32.953,151.423,ML,-,true,"Near Cessnock, NSW.",10.0,FINL,AUST,-,-,locsat:iasp91,918552,1075500
2.8,2014-11-03,13:37:11,2014-11-04,00:37:11,-26.559,112.773,ML,-,-,"SW of Carnarvon, WA.",0.0,FINL,AUST,-,-,locsat:iasp91,918536,1075415
1.8,2014-11-02,00:13:50,2014-11-02,11:13:50,-33.481,138.878,ML,-,-,"N of Burra, SA.",12.0,FINL,AUST,-,-,locsat:iasp91,918274,1075136
2.1,2014-11-01,18:14:54,2014-11-02,05:14:54,-33.36,116.223,ML,-,-,"Near Collie, WA.",0.0,FINL,AUST,-,-,locsat:iasp91,918293,1075164
2.4,2014-11-01,17:00:32,2014-11-02,04:00:32,-33.508,138.353,ML,-,-,"SE of Crystal Brook, SA.",16.0,FINL,AUST,-,-,locsat:iasp91,918272,1075129
2.6,2014-10-31,21:04:26,2014-11-01,08:04:26,-30.879,121.149,ML,-,-,"Coolgardie, WA.",10.0,FINL,AUST,-,-,locsat:iasp91,918258,1075112
4.5,2014-10-31,19:15:25,2014-11-01,06:15:25,-30.815,121.232,MB,-,true,"Coolgardie, WA.",10.0,FINL,AUST,-,-,locsat:iasp91,917362,1075037
2.9,2014-10-30,17:34:25,2014-10-31,04:34:25,-30.422,117.784,ML,-,-,"Near Beacon, WA.",8.0,FINL,AUST,-,-,locsat:iasp91,916991,1073879
1.8,2014-10-30,10:53:31,2014-10-30,21:53:31,-32.875,138.201,ML,-,-,"Near Melrose, SA.",0.0,FINL,AUST,-,-,locsat:iasp91,917064,1073858
2.0,2014-10-29,09:15:00,2014-10-29,20:15:00,-35.029,147.529,ML,-,-,"Near Wagga Wagga, NSW.",2.0,FINL,AUST,-,-,locsat:iasp91,917041,1073830
1.6,2014-10-28,18:18:02,2014-10-29,05:18:02,-33.179,138.468,ML,-,-,"NW of Jamestown, SA.",17.0,FINL,AUST,-,-,locsat:iasp91,916411,1073193
1.5,2014-10-27,13:49:54,2014-10-28,00:49:54,-33.255,137.602,ML,-,-,"Spencer Gulf, SA.",10.0,FINL,AUST,-,-,locsat:iasp91,916022,1072767
2.4,2014-10-27,09:04:55,2014-10-27,20:04:55,-29.142,116.909,ML,-,-,"E of Morawa, WA.",0.0,FINL,AUST,-,-,locsat:iasp91,915850,1072787
3.3,2014-10-26,22:12:40,2014-10-27,09:12:40,-32.445,151.033,ML,-,true,"Near Singleton, NSW.",8.0,FINL,AUST,-,-,locsat:iasp91,915629,1072353
1.8,2014-10-26,01:27:57,2014-10-26,12:27:57,-33.409,138.518,ML,-,-,"SW of Jamestown, SA.",7.0,FINL,AUST,-,-,locsat:iasp91,915620,1072325
2.9,2014-10-24,18:21:27,2014-10-25,05:21:27,-23.579,129.685,ML,-,-,"SE of Kintore, NT.",0.0,FINL,AUST,-,-,locsat:iasp91,915556,1072303
1.9,2014-10-23,14:17:47,2014-10-24,01:17:47,-31.697,117.048,ML,-,-,"Near Meckering, WA.",12.0,FINL,AUST,-,-,locsat:iasp91,914367,1071015
2.2,2014-10-23,00:53:58,2014-10-23,11:53:58,-35.697,147.376,ML,-,true,"Near Holbrook, NSW.",0.0,FINL,AUST,-,-,locsat:iasp91,913961,1070599
2.8,2014-10-22,02:40:21,2014-10-22,13:40:21,-22.501,114.583,ML,-,-,"Near Giralia, WA.",10.0,FINL,AUST,-,-,locsat:iasp91,913935,1070567
1.7,2014-10-21,23:17:28,2014-10-22,10:17:28,-31.699,117.04,ML,-,-,"Near Meckering, WA.",14.0,FINL,AUST,-,-,locsat:iasp91,913541,1070132
2.1,2014-10-21,14:07:13,2014-10-22,01:07:13,-33.484,148.939,ML,-,-,"Near Cadia, NSW.",4.0,FINL,AUST,-,-,locsat:iasp91,913914,1070558
2.5,2014-10-20,14:40:15,2014-10-21,01:40:15,-32.869,151.335,ML,-,-,"Near Cessnock, NSW.",1.0,FINL,AUST,-,-,locsat:iasp91,913067,1069657
2.5,2014-10-19,17:39:45,2014-10-20,04:39:45,-32.877,151.376,ML,-,-,"Near Cessnock, NSW.",0.0,FINL,AUST,-,-,locsat:iasp91,913031,1069616
3.0,2014-10-19,03:34:17,2014-10-19,14:34:17,-27.945,140.845,ML,-,-,"S of Innamincka, SA.",0.0,FINL,AUST,-,-,locsat:iasp91,912318,1069271
2.3,2014-10-18,19:52:12,2014-10-19,06:52:12,-33.717,117.339,ML,-,-,"W of Katanning, WA.",13.0,FINL,AUST,-,-,locsat:iasp91,912724,1069251
1.9,2014-10-18,18:15:59,2014-10-19,05:15:59,-33.747,148.422,ML,-,-,"NW of Cowra, NSW.",0.0,FINL,AUST,-,-,locsat:iasp91,912723,1069247
1.3,2014-10-18,14:35:57,2014-10-19,01:35:57,-37.28,144.552,ML,-,-,"Near Woodend, VIC.",10.0,FINL,AUST,-,-,locsat:iasp91,912722,1069245
1.6,2014-10-17,15:55:34,2014-10-18,02:55:34,-32.819,138.258,ML,-,-,"Near Melrose, SA.",0.0,FINL,AUST,-,-,locsat:iasp91,912732,1069283
1.7,2014-10-17,15:54:38,2014-10-18,02:54:38,-32.764,138.262,ML,-,-,"Near Melrose, SA.",0.0,FINL,AUST,-,-,locsat:iasp91,912731,1069282
2.0,2014-10-17,15:44:32,2014-10-18,02:44:32,-32.798,138.257,ML,-,-,"Near Melrose, SA.",5.0,FINL,AUST,-,-,locsat:iasp91,912717,1069223
3.3,2014-10-17,08:13:42,2014-10-17,19:13:42,-38.303,146.245,ML,-,true,"S of Moe, VIC.",10.0,FINL,AUST,-,-,locsat:iasp91,911289,1069210
2.5,2014-10-16,23:41:00,2014-10-17,10:41:00,-28.741,116.214,ML,-,-,"NE of Morawa, WA.",0.0,FINL,AUST,-,-,locsat:iasp91,911231,1067722
2.7,2014-10-16,22:22:08,2014-10-17,09:22:08,-28.587,139.093,ML,-,-,"E of Lake Eyre, SA.",10.0,FINL,AUST,-,-,locsat:iasp91,911221,1067715
2.3,2014-10-16,12:37:23,2014-10-16,23:37:23,-34.238,148.961,ML,-,-,"Near Frogmore, NSW.",0.0,FINL,AUST,-,-,locsat:iasp91,911162,1067627
2.8,2014-10-15,05:17:39,2014-10-15,16:17:39,-29.288,116.72,ML,-,-,"SE of Morawa, WA.",0.0,FINL,AUST,-,-,locsat:iasp91,911158,1067619
2.6,2014-10-13,18:00:19,2014-10-14,05:00:19,-35.13,147.988,ML,-,-,"Near Gundagai, NSW.",10.0,FINL,AUST,-,-,locsat:iasp91,909750,1066216
2.4,2014-10-13,16:00:55,2014-10-14,03:00:55,-32.321,150.919,ML,-,-,"Near Muswellbrook, NSW.",0.0,FINL,AUST,-,-,locsat:iasp91,909789,1066179
3.0,2014-10-13,13:26:31,2014-10-14,00:26:31,-19.822,134.029,ML,-,true,"Tennant Creek, NT.",14.0,FINL,AUST,-,-,locsat:iasp91,909587,1066239
3.3,2014-10-12,04:43:51,2014-10-12,15:43:51,-29.73,113.756,ML,-,-,"Offshore Eneabba, WA.",10.0,FINL,AUST,-,-,locsat:iasp91,909342,1065654
2.0,2014-10-11,20:09:14,2014-10-12,07:09:14,-33.367,136.803,ML,-,-,"SE of Yalanda, SA.",5.0,FINL,AUST,-,-,locsat:iasp91,909325,1065619
2.3,2014-10-11,17:06:53,2014-10-12,04:06:53,-33.703,117.096,ML,-,-,"N of Kojonup, WA.",3.0,FINL,AUST,-,-,locsat:iasp91,909324,1065616
1.8,2014-10-10,08:48:36,2014-10-10,19:48:36,-34.131,150.372,ML,-,-,"Lake Burragorang, NSW.",10.0,FINL,AUST,-,-,locsat:iasp91,909322,1065612
3.5,2014-10-10,04:23:09,2014-10-10,15:23:09,-27.269,113.734,ML,-,-,"Coastal Kalbarri, Offshore WA.",10.0,FINL,AUST,-,-,locsat:iasp91,908015,1065570
2.9,2014-10-09,15:45:32,2014-10-10,02:45:32,-18.137,127.132,ML,-,-,"E of Fitzroy Crossing, WA.",9.0,FINL,AUST,-,-,locsat:iasp91,907977,1064221
2.0,2014-10-07,23:56:16,2014-10-08,10:56:16,-32.428,117.663,ML,-,-,"Near Corrigin, WA.",6.0,FINL,AUST,-,-,locsat:iasp91,907428,1063638
2.2,2014-10-06,18:20:25,2014-10-07,05:20:25,-31.311,138.642,ML,-,-,"N of Wilpena Pound, SA.",10.0,FINL,AUST,-,-,locsat:iasp91,907424,1063627
2.5,2014-10-04,22:03:23,2014-10-05,09:03:23,-38.55,146.729,ML,-,-,"Yarram, VIC.",10.0,FINL,AUST,-,-,locsat:iasp91,907993,1064249
2.2,2014-10-02,17:39:52,2014-10-03,03:39:52,-32.439,138.147,ML,-,-,"SE of Quorn, SA.",16.0,FINL,AUST,-,-,locsat:iasp91,907431,1063653
2.6,2014-10-01,14:09:39,2014-10-02,00:09:39,-33.509,138.43,ML,-,true,"Near Spalding, SA.",14.0,FINL,AUST,-,-,locsat:iasp91,904548,1063155
3.1,2014-09-29,19:27:29,2014-09-30,05:27:29,-18.972,120.989,ML,-,-,"SW of Broome, WA.",10.0,FINL,AUST,-,-,locsat:iasp91,907405,1063612
2.1,2014-09-29,07:25:01,2014-09-29,17:25:01,-36.362,149.845,ML,-,-,"Cobargo, NSW.",5.0,FINL,AUST,-,-,locsat:iasp91,903849,1063121
4.6,2014-09-26,15:38:16,2014-09-27,01:38:16,-20.1,119.534,MB,-,true,"Near Port Headland, WA.",10.0,FINL,AUST,-,-,locsat:iasp91,902865,1063099
2.3,2014-09-25,23:07:35,2014-09-26,09:07:35,-30.469,117.759,ML,-,-,"Near Beacon, WA.",12.0,FINL,AUST,-,-,locsat:iasp91,902693,1058758
2.5,2014-09-25,23:01:05,2014-09-26,09:01:05,-30.477,117.793,ML,-,-,"Near Beacon, WA.",10.0,FINL,AUST,-,-,locsat:iasp91,902690,1058752
2.1,2014-09-25,20:58:13,2014-09-26,06:58:13,-30.455,117.762,ML,-,-,"Near Beacon, WA.",5.0,FINL,AUST,-,-,locsat:iasp91,902689,1058749
2.4,2014-09-24,21:01:26,2014-09-25,07:01:26,-31.842,117.844,ML,-,-,"SE of Kellerberrin, WA.",16.0,FINL,AUST,-,-,locsat:iasp91,902169,1058217
2.6,2014-09-24,13:55:32,2014-09-24,23:55:32,-29.391,150.259,ML,-,-,"NE of Moree, NSW.",10.0,FINL,AUST,-,-,locsat:iasp91,907386,1063574
1.8,2014-09-24,08:10:59,2014-09-24,18:10:59,-35.688,147.375,ML,-,-,"Near Holbrook, NSW.",0.0,FINL,AUST,-,-,locsat:iasp91,902167,1058214
1.3,2014-09-24,00:41:58,2014-09-24,10:41:58,-34.841,148.392,ML,-,-,"NE of Gundagai, NSW.",0.0,FINL,AUST,-,-,locsat:iasp91,902166,1058208
1.9,2014-09-23,22:55:08,2014-09-24,08:55:08,-31.884,138.743,ML,-,-,"E of Hawker, SA.",7.0,FINL,AUST,-,-,locsat:iasp91,901789,1057826
2.0,2014-09-23,15:01:15,2014-09-24,01:01:15,-32.886,151.417,ML,-,-,"Near Cessnock, NSW.",0.0,FINL,AUST,-,-,locsat:iasp91,901786,1057810
3.0,2014-09-23,11:56:21,2014-09-23,21:56:21,-32.865,151.397,ML,-,true,"Near Cessnock, NSW.",0.0,FINL,AUST,-,-,locsat:iasp91,901774,1057785
3.1,2014-09-23,11:55:11,2014-09-23,21:55:11,-32.865,151.397,ML,-,true,"Near Cessnock, NSW.",4.0,FINL,AUST,-,-,locsat:iasp91,901574,1057806
2.2,2014-09-23,00:58:16,2014-09-23,10:58:16,-30.506,117.086,ML,-,-,"Near Burakin, WA.",0.0,FINL,AUST,-,-,locsat:iasp91,901779,1057795
2.2,2014-09-22,15:55:23,2014-09-23,01:55:23,-32.127,117.195,ML,-,-,"SW of Quairading, WA.",7.0,FINL,AUST,-,-,locsat:iasp91,901437,1057431
2.2,2014-09-20,15:29:46,2014-09-21,01:29:46,-30.633,117.661,ML,-,-,"NE of Koorda, WA.",9.0,FINL,AUST,-,-,locsat:iasp91,901148,1057090
2.1,2014-09-20,13:52:25,2014-09-20,23:52:25,-33.195,136.683,ML,-,-,"SE of Kimba, SA.",4.0,FINL,AUST,-,-,locsat:iasp91,901130,1057064
1.8,2014-09-20,03:38:10,2014-09-20,13:38:10,-31.692,117.042,ML,-,-,"Near Meckering, WA.",16.0,FINL,AUST,-,-,locsat:iasp91,901129,1057062
2.3,2014-09-19,01:59:24,2014-09-19,11:59:24,-32.384,149.223,ML,-,true,"Near Goolma, NSW.",2.0,FINL,AUST,-,-,locsat:iasp91,899924,1055873
1.9,2014-09-18,21:02:09,2014-09-19,07:02:09,-32.839,138.118,ML,-,-,"Near Melrose, SA.",15.0,FINL,AUST,-,-,locsat:iasp91,899871,1055782
2.3,2014-09-18,12:07:57,2014-09-18,22:07:57,-32.872,138.258,ML,-,true,"Near Booleroo Centre, SA.",10.0,FINL,AUST,-,-,locsat:iasp91,899752,1055780
3.3,2014-09-18,03:21:52,2014-09-18,13:21:52,-31.646,126.97,ML,-,-,"NE of Cocklebiddy, WA.",15.0,FINL,AUST,-,-,locsat:iasp91,899582,1055760
3.1,2014-09-17,14:16:52,2014-09-18,00:16:52,-33.414,138.997,ML,-,true,"NE of Burra, SA.",14.0,FINL,AUST,-,-,locsat:iasp91,899420,1055432
1.8,2014-09-17,12:46:19,2014-09-17,22:46:19,-33.218,138.396,ML,-,-,"Near Gladstone, SA.",12.0,FINL,AUST,-,-,locsat:iasp91,899544,1055428
2.3,2014-09-16,23:24:17,2014-09-17,09:24:17,-30.44,117.778,ML,-,-,"Beacon, WA.",0.0,FINL,AUST,-,-,locsat:iasp91,898970,1054842
2.3,2014-09-16,11:09:53,2014-09-16,21:09:53,-37.345,142.34,ML,-,-,"Grampians, VIC.",0.0,FINL,AUST,-,-,locsat:iasp91,898968,1054838
1.8,2014-09-15,21:06:59,2014-09-16,07:06:59,-32.127,117.193,ML,-,-,"SW of Quairading, WA.",5.0,FINL,AUST,-,-,locsat:iasp91,898489,1054351
1.9,2014-09-15,14:27:47,2014-09-16,00:27:47,-32.104,117.205,ML,-,-,"SW of Quairading, WA.",2.0,FINL,AUST,-,-,locsat:iasp91,898487,1054349
1.9,2014-09-15,09:20:48,2014-09-15,19:20:48,-32.132,117.193,ML,-,-,"SW of Quairading, WA.",5.0,FINL,AUST,-,-,locsat:iasp91,898488,1054350
2.5,2014-09-15,06:39:41,2014-09-15,16:39:41,-31.983,138.576,ML,-,-,"SE of Hawker, SA.",6.0,FINL,AUST,-,-,locsat:iasp91,898485,1054345
2.0,2014-09-14,13:32:24,2014-09-14,23:32:24,-32.12,117.384,ML,-,-,"Near Quairading, WA.",6.0,FINL,AUST,-,-,locsat:iasp91,898197,1054040
3.2,2014-09-13,22:09:34,2014-09-14,08:09:34,-24.903,113.285,ML,-,-,"Offshore W of Carnarvon, WA.",15.0,FINL,AUST,-,-,locsat:iasp91,898152,1053976
1.9,2014-09-13,11:04:37,2014-09-13,21:04:37,-31.77,117.357,ML,-,-,"Near Youndegin, WA.",0.0,FINL,AUST,-,-,locsat:iasp91,898147,1053960
2.0,2014-09-13,08:52:53,2014-09-13,18:52:53,-33.785,139.085,ML,-,-,"SE of Burra, SA.",9.0,FINL,AUST,-,-,locsat:iasp91,898148,1053965
2.3,2014-09-11,09:33:43,2014-09-11,19:33:43,-32.153,117.587,ML,-,-,"NW of Corrigin, WA.",3.0,FINL,AUST,-,-,locsat:iasp91,896755,1052524
2.1,2014-09-11,08:28:44,2014-09-11,18:28:44,-32.18,117.681,ML,-,-,"NW of Corrigin, WA.",11.0,FINL,AUST,-,-,locsat:iasp91,896751,1052518
2.2,2014-09-11,06:36:55,2014-09-11,16:36:55,-30.537,117.06,ML,-,-,"Burakin, WA.",9.0,FINL,AUST,-,-,locsat:iasp91,896702,1052462
1.9,2014-09-10,22:14:12,2014-09-11,08:14:12,-31.773,117.37,ML,-,-,"Near Youndegin, WA.",12.0,FINL,AUST,-,-,locsat:iasp91,896475,1052228
2.4,2014-09-10,18:44:18,2014-09-11,04:44:18,-31.217,117.548,ML,-,-,"SE of Wyalkatchem, WA.",14.0,FINL,AUST,-,-,locsat:iasp91,896448,1052220
1.9,2014-09-10,07:17:32,2014-09-10,17:17:32,-31.693,117.042,ML,-,-,"Meckering, WA.",14.0,FINL,AUST,-,-,locsat:iasp91,896374,1052080
2.6,2014-09-08,12:57:26,2014-09-08,22:57:26,-33.71,117.207,ML,-,-,"NE of Kojonup, WA.",12.0,FINL,AUST,-,-,locsat:iasp91,895471,1051166
2.7,2014-09-07,01:17:51,2014-09-07,11:17:51,-29.827,141.822,ML,-,-,"S of Tibooburra, NSW.",10.0,FINL,AUST,-,-,locsat:iasp91,895163,1050839
1.9,2014-09-06,15:42:15,2014-09-07,01:42:15,-36.072,148.305,ML,-,-,"Near Jagumba, NSW.",10.0,FINL,AUST,-,-,locsat:iasp91,895157,1050824
3.2,2014-09-06,13:54:10,2014-09-06,23:54:10,-30.018,124.413,ML,-,-,"NE of Zanthus, WA.",13.0,FINL,AUST,-,-,locsat:iasp91,895153,1050815
2.9,2014-09-05,14:07:29,2014-09-06,00:07:29,-16.949,143.895,ML,-,-,"NW of Chillagoe, QLD.",0.0,FINL,AUST,-,-,locsat:iasp91,894096,1050809
2.6,2014-09-04,06:53:55,2014-09-04,16:53:55,-30.386,117.787,ML,-,-,"Beacon, WA.",10.0,FINL,AUST,-,-,locsat:iasp91,893747,1049598
2.8,2014-09-04,06:44:03,2014-09-04,16:44:03,-30.48,117.84,ML,-,-,"Beacon, WA.",10.0,FINL,AUST,-,-,locsat:iasp91,893725,1049562
1.7,2014-09-03,23:56:35,2014-09-04,09:56:35,-31.283,117.406,ML,-,-,"Near Wyalkatchem, WA.",8.0,FINL,AUST,-,-,locsat:iasp91,893631,1049207
2.2,2014-09-03,22:10:00,2014-09-04,08:10:00,-32.647,138.534,ML,-,-,"NW of Orroroo, SA.",5.0,FINL,AUST,-,-,locsat:iasp91,893628,1049199
1.9,2014-09-03,22:07:47,2014-09-04,08:07:47,-31.26,117.434,ML,-,-,"Near Wyalkatchem, WA.",11.0,FINL,AUST,-,-,locsat:iasp91,893627,1049197
1.7,2014-09-03,02:26:28,2014-09-03,12:26:28,-31.638,117.015,ML,-,-,"Meckering, WA.",13.0,FINL,AUST,-,-,locsat:iasp91,893630,1049208
2.5,2014-09-02,17:26:14,2014-09-03,03:26:14,-31.592,139.112,ML,-,-,"Flinders Ranges, SA.",11.0,FINL,AUST,-,-,locsat:iasp91,893167,1048725
2.3,2014-09-02,16:25:35,2014-09-03,02:25:35,-31.699,139.116,ML,-,-,"Flinders Ranges, SA.",0.0,FINL,AUST,-,-,locsat:iasp91,893164,1048718
2.2,2014-09-02,12:02:46,2014-09-02,22:02:46,-30.623,117.539,ML,-,-,"N of Koorda, WA.",10.0,FINL,AUST,-,-,locsat:iasp91,893171,1048733
3.9,2014-09-01,23:01:33,2014-09-02,09:01:33,-19.942,133.872,ML,-,-,"SW of Tennant Creek, NT.",5.0,FINL,AUST,-,-,dbgenloc:tc1a,892870,1048408
3.3,2014-09-01,14:18:30,2014-09-02,00:18:30,-26.215,139.508,ML,-,-,"W of Haddon Corner, SA.",10.0,FINL,AUST,-,-,locsat:iasp91,892679,1048369
1.9,2014-08-31,00:33:00,2014-08-31,10:33:00,-32.105,117.185,ML,-,-,"E of Beverly, WA.",1.0,FINL,AUST,-,-,locsat:iasp91,892481,1047996
2.2,2014-08-30,17:26:22,2014-08-31,03:26:22,-17.348,146.272,ML,-,-,"NE of Innisfail, QLD.",2.0,FINL,AUST,-,-,locsat:iasp91,892473,1047981
1.8,2014-08-30,13:03:09,2014-08-30,23:03:09,-31.773,117.347,ML,-,-,"S of Cunderdin, WA.",0.0,FINL,AUST,-,-,locsat:iasp91,892474,1047984
2.8,2014-08-30,10:44:22,2014-08-30,20:44:22,-33.799,136.484,ML,-,-,"Cleve, SA.",0.0,FINL,AUST,-,-,locsat:iasp91,892469,1047974
2.6,2014-08-30,10:43:56,2014-08-30,20:43:56,-33.799,136.484,ML,-,-,"Cleve, SA.",0.0,FINL,AUST,-,-,locsat:iasp91,892460,1047969
1.8,2014-08-29,22:16:43,2014-08-30,08:16:43,-31.689,117.038,ML,-,-,"W of Cunderdin, WA.",13.0,FINL,AUST,-,-,locsat:iasp91,892457,1047956
1.8,2014-08-28,23:38:23,2014-08-29,09:38:23,-31.032,116.407,ML,-,-,"Near Calingiri, WA.",6.0,FINL,AUST,-,-,locsat:iasp91,891336,1046833
1.9,2014-08-28,13:35:57,2014-08-28,23:35:57,-31.314,117.523,ML,-,-,"SE of Wyalkatchem, WA.",6.0,FINL,AUST,-,-,locsat:iasp91,891334,1046829
2.5,2014-08-27,11:19:10,2014-08-27,21:19:10,-35.437,145.744,ML,-,-,"NE of Finley, NSW.",10.0,FINL,AUST,-,-,locsat:iasp91,891126,1046601
2.8,2014-08-27,09:46:44,2014-08-27,19:46:44,-31.958,153.107,ML,-,true,"E of Harrington, NSW.",15.0,FINL,AUST,-,-,locsat:iasp91,890942,1046595
1.9,2014-08-27,04:04:23,2014-08-27,14:04:23,-31.784,116.139,ML,-,-,"Gidgegannup, WA.",5.0,FINL,AUST,-,-,locsat:iasp91,891128,1046606
2.1,2014-08-25,12:05:05,2014-08-25,22:05:05,-30.496,116.977,ML,-,-,"W of Burakin, WA.",11.0,FINL,AUST,-,-,locsat:iasp91,890529,1045981
2.0,2014-08-24,18:19:47,2014-08-25,04:19:47,-31.864,117.762,ML,-,-,"S of Kellerberrin, WA.",6.0,FINL,AUST,-,-,locsat:iasp91,890527,1045975
2.0,2014-08-24,11:29:33,2014-08-24,21:29:33,-33.25,138.334,ML,-,true,"Gladstone, SA.",10.0,FINL,AUST,-,-,locsat:iasp91,889873,1045637
2.5,2014-08-23,11:51:19,2014-08-23,21:51:19,-18.297,119.56,ML,-,-,"W of Broome, WA.",0.0,FINL,AUST,-,-,locsat:iasp91,890138,1045576
3.8,2014-08-22,07:25:18,2014-08-22,17:25:18,-23.505,114.61,ML,-,-,"S of Giralia, WA.",10.0,FINL,AUST,-,-,locsat:iasp91,888979,1045404
3.4,2014-08-21,21:52:00,2014-08-22,07:52:00,-42.065,144.448,ML,false,false,"Offshore W of Strahan, TAS.",0.0,FINL,SRC,-,-,-,2740146,2157300
2.1,2014-08-21,14:48:56,2014-08-22,00:48:56,-33.75,136.524,ML,-,-,"Near Cleve, SA.",0.0,FINL,AUST,-,-,locsat:iasp91,888952,1044320
2.8,2014-08-21,13:32:26,2014-08-21,23:32:26,-28.213,116.071,ML,-,-,"NE of Mullewa, WA.",10.0,FINL,AUST,-,-,locsat:iasp91,888951,1044319
2.3,2014-08-20,19:53:53,2014-08-21,05:53:53,-32.278,118.754,ML,-,-,"NW of Hyden, WA.",0.0,FINL,AUST,-,-,locsat:iasp91,888424,1043763
2.1,2014-08-19,15:02:32,2014-08-20,01:02:32,-31.256,118.22,ML,-,-,"N of Merredin, WA.",14.0,FINL,AUST,-,-,locsat:iasp91,888073,1043383
2.5,2014-08-19,14:10:21,2014-08-20,00:10:21,-31.403,119.382,ML,-,-,"S of Southern Cross, WA.",14.0,FINL,AUST,-,-,locsat:iasp91,888063,1043371
2.3,2014-08-18,16:42:03,2014-08-19,02:42:03,-31.223,118.488,ML,-,-,"NE of Merredin, SA.",6.0,FINL,AUST,-,-,locsat:iasp91,887726,1043024
2.0,2014-08-17,22:09:23,2014-08-18,08:09:23,-32.271,138.336,ML,-,-,"NE of Quorn, SA.",17.0,FINL,AUST,-,-,locsat:iasp91,887623,1042916
2.8,2014-08-17,02:28:00,2014-08-17,12:28:00,-23.055,119.335,ML,-,-,"Rhodes Ridge Area, WA.",0.0,FINL,AUST,-,-,locsat:iasp91,887261,1042549
2.0,2014-08-17,00:57:08,2014-08-17,10:57:08,-31.224,118.269,ML,-,-,"N of Merredin, WA.",12.0,FINL,AUST,-,-,locsat:iasp91,887250,1042532
3.6,2014-08-16,22:15:57,2014-08-17,08:15:57,-23.517,114.574,ML,-,-,"NE of Carnarvon, WA.",10.0,FINL,AUST,-,-,locsat:iasp91,886863,1042531
1.7,2014-08-16,08:25:29,2014-08-16,18:25:29,-34.187,136.845,ML,-,-,"Spencer Gulf, SA.",10.0,FINL,AUST,-,-,locsat:iasp91,887218,1042477
2.7,2014-08-14,17:08:10,2014-08-15,03:08:10,-24.595,114.219,ML,-,-,"NE of Carnarvon, WA.",10.0,FINL,AUST,-,-,locsat:iasp91,886247,1041480
1.8,2014-08-13,21:25:15,2014-08-14,07:25:15,-36.342,148.565,ML,-,-,"Near Jindabyne, NSW.",0.0,FINL,AUST,-,-,locsat:iasp91,885956,1041174
2.0,2014-08-13,18:57:59,2014-08-14,04:57:59,-33.644,136.635,ML,-,-,"NE of Cleve, SA.",10.0,FINL,AUST,-,-,locsat:iasp91,885941,1041162
3.4,2014-08-13,15:22:33,2014-08-14,01:22:33,-33.342,142.146,ML,-,-,"N of Mildura, NSW.",10.0,FINL,AUST,-,-,locsat:iasp91,885823,1041102
2.4,2014-08-13,15:19:29,2014-08-14,01:19:29,-33.456,142.162,ML,-,-,"N of Mildura, NSW.",10.0,FINL,AUST,-,-,locsat:iasp91,885922,1041128
2.1,2014-08-13,15:03:59,2014-08-14,01:03:59,-30.754,150.528,ML,-,-,"Near Manilla, NSW.",0.0,FINL,AUST,-,-,locsat:iasp91,885909,1041117
2.2,2014-08-10,21:50:39,2014-08-11,07:50:39,-37.05,146.674,ML,-,-,"Near Mt Buller, VIC.",0.0,FINL,AUST,-,-,locsat:iasp91,884899,1040052
1.8,2014-08-10,05:22:48,2014-08-10,15:22:48,-34.411,148.865,ML,-,-,"Near Boorowa, NSW.",5.0,FINL,AUST,-,-,locsat:iasp91,884887,1040031
1.7,2014-08-08,20:08:33,2014-08-09,06:08:33,-31.772,117.374,ML,-,-,"SE of Cunderdin, WA.",13.0,FINL,AUST,-,-,locsat:iasp91,884830,1039969
1.9,2014-08-08,18:23:17,2014-08-09,04:23:17,-32.159,138.182,ML,-,-,"NE of Quorn, SA.",10.0,FINL,AUST,-,-,locsat:iasp91,884829,1039968
3.3,2014-08-08,16:17:19,2014-08-09,02:17:19,-17.044,146.416,ML,-,-,"Offshore SE of Cairns, QLD.",0.0,FINL,AUST,-,-,locsat:iasp91,884086,1039927
3.4,2014-08-08,05:06:37,2014-08-08,15:06:37,-19.916,133.896,ML,-,-,"Tennant Creek, NT.",2.0,FINL,AUST,-,-,locsat:iasp91,883879,1039914
2.1,2014-08-07,20:47:29,2014-08-08,06:47:29,-32.263,118.807,ML,-,-,"N of Hyden, WA.",10.0,FINL,AUST,-,-,locsat:iasp91,883878,1038990
2.6,2014-08-07,20:28:01,2014-08-08,06:28:01,-32.254,118.921,ML,-,-,"NE of Hyden, WA.",10.0,FINL,AUST,-,-,locsat:iasp91,883822,1038976
2.9,2014-08-06,13:40:47,2014-08-06,23:40:47,-38.962,142.25,ML,-,-,"Offshore S of Port Fairy, VIC.",10.0,FINL,AUST,-,-,locsat:iasp91,883631,1038729
2.2,2014-08-06,09:56:34,2014-08-06,19:56:34,-32.451,138.235,ML,-,-,"SE of Quorn, SA.",18.0,FINL,AUST,-,-,locsat:iasp91,883630,1038725
2.1,2014-08-03,15:17:39,2014-08-04,01:17:39,-32.331,118.738,ML,-,-,"NW of Hyden, WA.",2.0,FINL,AUST,-,-,locsat:iasp91,882777,1037821
2.1,2014-08-03,14:59:40,2014-08-04,00:59:40,-32.334,118.721,ML,-,-,"NW of Hyden, WA.",3.0,FINL,AUST,-,-,locsat:iasp91,882483,1037520
2.3,2014-08-03,01:08:10,2014-08-03,11:08:10,-29.186,117.393,ML,-,-,"N of Lake Moore, WA.",16.0,FINL,AUST,-,-,locsat:iasp91,882462,1037486
2.9,2014-08-02,14:13:18,2014-08-03,00:13:18,-28.509,148.853,ML,-,-,"SE of St George, QLD.",9.0,FINL,AUST,-,-,locsat:iasp91,882451,1037465
2.7,2014-08-02,05:34:43,2014-08-02,15:34:43,-32.058,150.103,ML,-,-,"Near Cassilis, NSW.",10.0,FINL,AUST,-,-,locsat:iasp91,882448,1037454
2.5,2014-08-02,05:17:51,2014-08-02,15:17:51,-29.192,116.804,ML,-,-,"E of Morawa, WA.",0.0,FINL,AUST,-,-,locsat:iasp91,881678,1037445
2.6,2014-08-01,15:38:38,2014-08-02,01:38:38,-33.292,149.713,ML,-,-,"NE of Bathurst, NSW.",10.0,FINL,AUST,-,-,locsat:iasp91,882442,1037431
2.1,2014-08-01,06:37:14,2014-08-01,16:37:14,-33.04,139.409,ML,-,-,"E of Peterborough, SA.",0.0,FINL,AUST,-,-,locsat:iasp91,882441,1037422
2.5,2014-07-31,20:14:43,2014-08-01,06:14:43,-32.938,151.501,ML,-,-,"Near Cessnock, NSW.",4.0,FINL,AUST,-,-,locsat:iasp91,882446,1037440
2.1,2014-07-31,08:43:51,2014-07-31,18:43:51,-34.376,148.904,ML,-,true,"NE of Boorowa, NSW.",2.0,FINL,AUST,-,-,locsat:iasp91,881109,1036324
2.3,2014-07-31,07:53:57,2014-07-31,17:53:57,-30.483,117.753,ML,-,-,"Near Beacon, WA.",1.0,FINL,AUST,-,-,locsat:iasp91,881352,1036313
2.7,2014-07-31,05:30:37,2014-07-31,15:30:37,-31.201,141.564,ML,-,-,"N of Broken Hill, NSW.",10.0,FINL,AUST,-,-,locsat:iasp91,881350,1038164
2.3,2014-07-30,15:41:50,2014-07-31,01:41:50,-30.518,117.081,ML,-,-,"Near Burakin, WA.",7.0,FINL,AUST,-,-,locsat:iasp91,880990,1035933
2.4,2014-07-30,11:48:32,2014-07-30,21:48:32,-32.589,137.971,ML,-,-,"SE of Port Augusta, SA.",0.0,FINL,AUST,-,-,locsat:iasp91,881023,1035966
3.5,2014-07-29,06:50:07,2014-07-29,16:50:07,-26.105,123.863,ML,-,-,"E of Lake Carnegie, WA.",10.0,FINL,AUST,-,-,locsat:iasp91,880692,1035618
3.9,2014-07-29,04:39:10,2014-07-29,14:39:10,-18.315,118.765,ML,-,-,"W of Broome, WA.",40.0,FINL,AUST,-,-,locsat:iasp91,880690,1035604
2.4,2014-07-28,18:54:42,2014-07-29,04:54:42,-33.055,138.659,ML,-,-,"Mannanarie, SA.",0.0,FINL,AUST,-,-,locsat:iasp91,880326,1035215
2.0,2014-07-27,23:15:28,2014-07-28,09:15:28,-32.657,137.993,ML,-,-,"W of Wilmington, SA.",11.0,FINL,AUST,-,-,locsat:iasp91,880276,1035156
2.5,2014-07-27,18:59:24,2014-07-28,04:59:24,-32.271,116.976,ML,-,-,"Near Brookton, WA.",12.0,FINL,AUST,-,-,locsat:iasp91,880237,1035114
2.7,2014-07-27,11:39:00,2014-07-27,21:39:00,-30.179,142.025,ML,-,-,"S of Tibooburra, NSW.",0.0,FINL,AUST,-,-,locsat:iasp91,879967,1034839
2.5,2014-07-26,02:15:03,2014-07-26,12:15:03,-28.297,119.79,ML,-,-,"Near Lake Noondie, WA.",0.0,FINL,AUST,-,-,locsat:iasp91,879302,1034740
1.9,2014-07-25,08:30:31,2014-07-25,18:30:31,-37.021,146.164,ML,-,-,"Near Mansfield, VIC.",14.0,FINL,AUST,-,-,locsat:iasp91,879863,1034707
2.1,2014-07-24,21:50:44,2014-07-25,07:50:44,-31.595,138.691,ML,-,-,"NE of Hawker, SA.",15.0,FINL,AUST,-,-,locsat:iasp91,878925,1033737
2.8,2014-07-24,19:06:42,2014-07-25,05:06:42,-28.211,147.815,ML,-,-,"SW of St George, QLD.",10.0,FINL,AUST,-,-,locsat:iasp91,878917,1033727
2.1,2014-07-24,15:40:04,2014-07-25,01:40:04,-37.479,146.218,ML,-,-,"Gaffneys Creek, VIC.",7.0,FINL,AUST,-,-,locsat:iasp91,878916,1033711
2.6,2014-07-23,18:05:48,2014-07-24,04:05:48,-33.442,118.065,ML,-,-,"NE of Katanning, WA.",0.0,FINL,AUST,-,-,locsat:iasp91,878811,1033598
2.4,2014-07-23,05:15:10,2014-07-23,15:15:10,-32.354,138.765,ML,-,-,"NE of Carrieton, SA.",0.0,FINL,AUST,-,-,locsat:iasp91,878572,1033348
2.3,2014-07-23,03:32:43,2014-07-23,13:32:43,-30.662,117.625,ML,-,-,"NE of Koorda, WA.",12.0,FINL,AUST,-,-,locsat:iasp91,878565,1033339
1.5,2014-07-23,00:58:48,2014-07-23,10:58:48,-37.658,144.948,ML,-,-,"Near Campbellfield, North Melbourne, VIC.",5.0,FINL,AUST,-,-,locsat:iasp91,878337,1033109
3.3,2014-07-22,19:49:46,2014-07-23,05:49:46,-30.642,117.689,ML,-,-,"NE of Koorda, WA.",10.0,FINL,AUST,-,-,locsat:iasp91,878250,1033111
2.4,2014-07-22,06:12:57,2014-07-22,16:12:57,-30.736,117.56,ML,-,-,"NE of Koorda, WA.",3.0,FINL,AUST,-,-,locsat:iasp91,878305,1033074
2.3,2014-07-22,05:55:53,2014-07-22,15:55:53,-30.651,117.616,ML,-,-,"NE of Koorda, WA.",7.0,FINL,AUST,-,-,locsat:iasp91,878304,1033071
2.3,2014-07-22,05:23:36,2014-07-22,15:23:36,-30.642,117.624,ML,-,-,"NE of Koorda, WA.",11.0,FINL,AUST,-,-,locsat:iasp91,878303,1033069
3.6,2014-07-20,20:26:19,2014-07-21,06:26:19,-28.179,147.818,ML,-,-,"W of St George, QLD.",0.0,FINL,AUST,-,-,locsat:iasp91,877589,1032820
1.7,2014-07-20,19:16:37,2014-07-21,05:16:37,-33.259,138.654,ML,-,-,"Near Jamestown, SA.",6.0,FINL,AUST,-,-,locsat:iasp91,878068,1032832
2.2,2014-07-20,19:04:17,2014-07-21,05:04:17,-30.673,117.596,ML,-,-,"NE of Koorda, WA.",13.0,FINL,AUST,-,-,locsat:iasp91,878067,1032830
2.7,2014-07-20,14:21:24,2014-07-21,00:21:24,-29.611,120.667,ML,-,-,"NW of Menzies, WA.",10.0,FINL,AUST,-,-,locsat:iasp91,877686,1032431
2.3,2014-07-20,08:37:37,2014-07-20,18:37:37,-30.656,117.667,ML,-,-,"NE of Koorda, WA.",12.0,FINL,AUST,-,-,locsat:iasp91,877685,1032425
3.5,2014-07-19,21:52:27,2014-07-20,07:52:27,-19.503,117.917,ML,-,-,"NW of Port Hedland, WA.",23.0,FINL,AUST,-,-,locsat:iasp91,877684,1032426
2.1,2014-07-19,11:52:03,2014-07-19,21:52:03,-30.698,117.592,ML,-,-,"NE of Koorda, WA.",12.0,FINL,AUST,-,-,locsat:iasp91,877678,1032387
2.1,2014-07-19,11:49:02,2014-07-19,21:49:02,-30.67,117.648,ML,-,-,"NE of Koorda, WA.",14.0,FINL,AUST,-,-,locsat:iasp91,877676,1032385
2.7,2014-07-19,05:40:09,2014-07-19,15:40:09,-22.887,119.432,ML,-,-,"Pilbara, WA.",15.0,FINL,AUST,-,-,locsat:iasp91,877677,1032393
2.0,2014-07-18,20:03:23,2014-07-19,06:03:23,-30.664,117.632,ML,-,-,"NE of Koorda, WA.",12.0,FINL,AUST,-,-,locsat:iasp91,877661,1032355
2.7,2014-07-18,07:47:24,2014-07-18,17:47:24,-25.288,116.999,ML,-,-,"Landor Area, WA.",13.0,FINL,AUST,-,-,locsat:iasp91,877672,1032378
2.2,2014-07-18,05:49:43,2014-07-18,15:49:43,-30.687,117.595,ML,-,-,"NE of Koorda, WA.",10.0,FINL,AUST,-,-,locsat:iasp91,877669,1032368
2.0,2014-07-18,04:01:56,2014-07-18,14:01:56,-31.8,116.204,ML,-,true,"NE of Mundaring, WA.",0.0,FINL,AUST,-,-,locsat:iasp91,876620,1032350
2.4,2014-07-17,21:34:58,2014-07-18,07:34:58,-30.681,118.515,ML,-,-,"SE of Bonnie Rock, WA.",10.0,FINL,AUST,-,-,locsat:iasp91,876597,1031280
2.2,2014-07-17,18:39:53,2014-07-18,04:39:53,-30.371,117.798,ML,-,-,"NW of Beacon, WA.",13.0,FINL,AUST,-,-,locsat:iasp91,876595,1031274
2.1,2014-07-17,15:07:33,2014-07-18,01:07:33,-30.646,117.655,ML,-,-,"NE of Koorda, WA.",14.0,FINL,AUST,-,-,locsat:iasp91,876593,1031270
2.1,2014-07-17,15:02:41,2014-07-18,01:02:41,-30.64,117.669,ML,-,-,"NE of Koorda, WA.",13.0,FINL,AUST,-,-,locsat:iasp91,876591,1031267
2.8,2014-07-16,20:05:40,2014-07-17,06:05:40,-31.228,138.604,ML,-,-,"Flinders Ranges, SA.",11.0,FINL,AUST,-,-,locsat:iasp91,876196,1030863
3.5,2014-07-16,00:35:07,2014-07-16,10:35:07,-25.718,128.382,ML,-,-,"Near Warburton, WA.",10.0,FINL,AUST,-,-,locsat:iasp91,875855,1030834
2.1,2014-07-15,21:14:02,2014-07-16,07:14:02,-34.527,148.05,ML,-,-,"Near Wallendbeen, NSW.",15.0,FINL,AUST,-,-,locsat:iasp91,875873,1030512
3.3,2014-07-15,15:38:23,2014-07-16,01:38:23,-19.756,133.822,ML,-,-,"SW of Tennant Creek, NT.",10.0,FINL,AUST,-,-,locsat:iasp91,875741,1030482
1.8,2014-07-13,01:56:24,2014-07-13,11:56:24,-32.245,117.36,ML,-,-,"Near Quairading, WA.",4.0,FINL,AUST,-,-,locsat:iasp91,875180,1029752
2.5,2014-07-11,20:25:48,2014-07-12,06:25:48,-36.683,146.418,ML,-,-,"S of Wangaratta, VIC.",10.0,FINL,AUST,-,-,locsat:iasp91,874620,1029734
2.3,2014-07-11,10:07:35,2014-07-11,20:07:35,-30.581,118.479,ML,-,-,"Near Bonnie Rock, WA.",0.0,FINL,AUST,-,-,locsat:iasp91,875161,1029716
2.5,2014-07-10,21:56:29,2014-07-11,07:56:29,-30.493,118.617,ML,-,-,"Near Bonnie Rock, WA.",10.0,FINL,AUST,-,-,locsat:iasp91,874156,1028694
3.5,2014-07-09,15:55:33,2014-07-10,01:55:33,-23.122,127.32,ML,-,-,"Lake Mackay, WA.",10.0,FINL,AUST,-,-,locsat:iasp91,873841,1028418
1.7,2014-07-08,15:16:50,2014-07-09,01:16:50,-36.212,148.88,ML,-,-,"Near Lake Eucumbene, NSW.",0.0,FINL,AUST,-,-,locsat:iasp91,873640,1028048
2.8,2014-07-08,06:49:07,2014-07-08,16:49:07,-30.463,117.172,ML,-,-,"Burakin, WA.",10.0,FINL,AUST,-,-,locsat:iasp91,873199,1028070
2.4,2014-07-07,17:29:59,2014-07-08,03:29:59,-30.736,118.229,ML,-,-,"N of Mukinbudin, WA.",0.0,FINL,AUST,-,-,locsat:iasp91,873612,1028011
2.7,2014-07-07,07:56:07,2014-07-07,17:56:07,-36.076,137.461,ML,-,-,"Kangaroo Island, SA.",10.0,FINL,AUST,-,-,locsat:iasp91,873111,1027469
1.9,2014-07-05,05:43:34,2014-07-05,15:43:34,-32.237,117.35,ML,-,-,"S of Quairading, WA.",0.0,FINL,AUST,-,-,locsat:iasp91,872805,1027129
2.0,2014-07-03,04:13:56,2014-07-03,14:13:56,-32.789,137.729,ML,-,-,"NE of Whyalla, SA.",10.0,FINL,AUST,-,-,locsat:iasp91,871709,1025954
1.8,2014-07-01,11:49:56,2014-07-01,21:49:56,-36.156,149.193,ML,-,-,"Near Cooma, NSW.",0.0,FINL,AUST,-,-,locsat:iasp91,871142,1025369
1.8,2014-06-29,16:25:25,2014-06-30,02:25:25,-33.083,138.332,ML,-,-,"NE of Laura, SA.",10.0,FINL,AUST,-,-,locsat:iasp91,870474,1024668
2.6,2014-06-28,18:57:31,2014-06-29,04:57:31,-31.77,138.75,ML,-,-,"Flinders Ranges, SA.",10.0,FINL,AUST,-,-,locsat:iasp91,869937,1024100
2.0,2014-06-28,14:29:51,2014-06-29,00:29:51,-32.133,117.2,ML,-,-,"E of Beverley, WA.",0.0,FINL,AUST,-,-,locsat:iasp91,869935,1024091
2.4,2014-06-28,14:15:44,2014-06-29,00:15:44,-31.601,117.054,ML,-,true,"Near Meckering, WA.",10.0,FINL,AUST,-,-,locsat:iasp91,869934,1024088
3.0,2014-06-28,06:42:17,2014-06-28,16:42:17,-39.442,145.251,ML,-,-,Bass Strait.,12.0,FINL,AUST,-,-,locsat:iasp91,869933,1024083
3.1,2014-06-27,10:40:39,2014-06-27,20:40:39,-19.967,134.006,ML,-,-,"Tennant Creek, NT.",10.0,FINL,AUST,-,-,locsat:iasp91,869878,1024026
2.1,2014-06-24,09:40:29,2014-06-24,19:40:29,-36.178,148.409,ML,-,-,"NW of Jindabyne, NSW.",0.0,FINL,AUST,-,-,locsat:iasp91,868802,1022910
2.6,2014-06-22,11:46:27,2014-06-22,21:46:27,-31.654,138.595,ML,-,-,"Flinders Ranges, SA.",10.0,FINL,AUST,-,-,locsat:iasp91,868365,1022451
2.4,2014-06-21,10:51:18,2014-06-21,20:51:18,-33.027,138.316,ML,-,-,"Near Laura, SA.",16.0,FINL,AUST,-,-,locsat:iasp91,868283,1027094
1.5,2014-06-21,09:55:54,2014-06-21,19:55:54,-34.405,148.876,ML,-,-,"Near Borrowa, NSW.",1.0,FINL,AUST,-,-,locsat:iasp91,867683,1027095
2.8,2014-06-20,12:33:57,2014-06-20,22:33:57,-30.66,121.552,ML,-,-,"Kanowna Area, WA.",0.0,FINL,AUST,-,-,locsat:iasp91,838424,953444
2.2,2014-06-20,07:36:41,2014-06-20,17:36:41,-34.373,147.08,ML,-,-,"W of Temora, NSW.",0.0,FINL,AUST,-,-,locsat:iasp91,838423,953433
1.9,2014-06-19,17:40:45,2014-06-20,03:40:45,-33.543,138.188,ML,-,-,"Near Redhill, SA.",12.0,FINL,AUST,-,-,locsat:iasp91,838421,953428
2.4,2014-06-19,05:26:56,2014-06-19,15:26:56,-29.227,116.767,ML,-,-,"E of Morawa, WA.",0.0,FINL,AUST,-,-,locsat:iasp91,837333,952305
2.3,2014-06-17,19:02:23,2014-06-18,05:02:23,-31.993,138.814,ML,-,-,"SE of Hawker, SA.",17.0,FINL,AUST,-,-,locsat:iasp91,836779,951713
3.0,2014-06-17,03:43:17,2014-06-17,13:43:17,-21.819,120.657,ML,-,-,"SE of Marble Bar, WA.",10.0,FINL,AUST,-,-,locsat:iasp91,836749,951677
1.4,2014-06-17,03:26:54,2014-06-17,13:26:54,-35.098,149.036,ML,-,-,"Hall Area, NSW.",0.0,FINL,AUST,-,-,locsat:iasp91,836928,951869
2.5,2014-06-14,05:06:50,2014-06-14,15:06:50,-29.2,116.771,ML,-,-,"E of Morawa, WA.",7.0,FINL,AUST,-,-,locsat:iasp91,836146,951034
2.2,2014-06-14,03:48:02,2014-06-14,13:48:02,-30.466,117.763,ML,-,-,"Beacon, WA.",4.0,FINL,AUST,-,-,locsat:iasp91,836144,951024
1.9,2014-06-13,15:47:31,2014-06-14,01:47:31,-38.146,145.458,ML,-,true,"S of Pakenham, Melbourne, VIC.",10.0,FINL,AUST,-,-,locsat:iasp91,835345,951005
2.8,2014-06-13,14:24:11,2014-06-14,00:24:11,-30.827,138.67,ML,-,-,"N of Blinman, SA.",0.0,FINL,AUST,-,-,locsat:iasp91,836134,951002
2.9,2014-06-12,20:08:09,2014-06-13,06:08:09,-32.524,138.279,ML,-,-,"NE of Wilmington, SA.",12.0,FINL,AUST,-,-,locsat:iasp91,835042,949982
2.4,2014-06-12,09:03:51,2014-06-12,19:03:51,-32.821,138.476,ML,-,-,"SW of Orraroo, SA.",13.0,FINL,AUST,-,-,locsat:iasp91,835147,950005
2.4,2014-06-11,20:24:53,2014-06-12,06:24:53,-31.382,119.165,ML,-,-,"Near Moorine Rock, WA.",11.0,FINL,AUST,-,-,locsat:iasp91,834921,949761
2.6,2014-06-10,20:19:29,2014-06-11,06:19:29,-30.436,117.767,ML,-,-,"Near Beacon, WA.",10.0,FINL,AUST,-,-,locsat:iasp91,834855,949683
3.7,2014-06-09,18:07:35,2014-06-10,04:07:35,-29.901,137.627,ML,-,true,"SW of Marree, SA.",9.0,FINL,AUST,-,-,locsat:iasp91,834126,949417
1.6,2014-06-08,15:41:52,2014-06-09,01:41:52,-33.288,138.672,ML,-,-,"SE of Jamestown, SA.",0.0,FINL,AUST,-,-,locsat:iasp91,834279,949081
3.3,2014-06-07,15:21:23,2014-06-08,01:21:23,-19.817,133.935,ML,-,-,"SW of Tennant Creek, NT.",10.0,FINL,AUST,-,-,locsat:iasp91,833652,949058
3.1,2014-06-07,05:54:54,2014-06-07,15:54:54,-27.246,135.094,ML,-,-,"N of Oodnadatta, SA.",4.0,FINL,AUST,-,-,locsat:iasp91,834859,949692
1.9,2014-06-06,22:10:54,2014-06-07,08:10:54,-30.748,117.536,ML,-,-,"NE of Koorda, WA.",6.0,FINL,AUST,-,-,locsat:iasp91,834272,949052
2.6,2014-06-06,17:42:12,2014-06-07,03:42:12,-30.662,117.625,ML,-,-,"NE of Koorda, WA.",13.0,FINL,AUST,-,-,locsat:iasp91,834271,949050
2.0,2014-06-06,17:36:53,2014-06-07,03:36:53,-30.634,117.676,ML,-,-,"NE of Koorda, WA.",12.0,FINL,AUST,-,-,locsat:iasp91,834270,949046
2.2,2014-06-05,04:27:37,2014-06-05,14:27:37,-30.437,117.813,ML,-,-,"Near Beacon, WA.",11.0,FINL,AUST,-,-,locsat:iasp91,833215,947970
3.2,2014-06-05,02:57:52,2014-06-05,12:57:52,-29.897,137.652,ML,-,-,"SW of Marree, SA.",10.0,FINL,AUST,-,-,locsat:iasp91,832932,947960
4.6,2014-06-04,02:29:09,2014-06-04,12:29:09,-29.867,137.71,ML,-,true,"South West of Marree, SA.",13.0,FINL,AUST,-,-,locsat:iasp91,832483,947269
3.3,2014-06-02,10:12:22,2014-06-02,20:12:22,-32.693,126.236,ML,-,-,"S of Eyre, WA.",10.0,FINL,AUST,-,-,locsat:iasp91,832898,947627
2.5,2014-05-31,19:59:26,2014-06-01,05:59:26,-30.636,117.658,ML,-,-,"NE of Koorda, WA.",11.0,FINL,AUST,-,-,locsat:iasp91,831922,946568
1.8,2014-05-31,18:04:35,2014-06-01,04:04:35,-33.508,138.521,ML,-,-,"Near Spalding, SA.",5.0,FINL,AUST,-,-,locsat:iasp91,831919,946561
1.9,2014-05-28,19:38:16,2014-05-29,05:38:16,-34.392,148.704,ML,-,-,"Near Boorowa, NSW.",0.0,FINL,AUST,-,-,locsat:iasp91,828992,943597
2.4,2014-05-26,11:06:51,2014-05-26,21:06:51,-30.543,117.065,ML,-,-,"Near Burakin, WA.",12.0,FINL,AUST,-,-,locsat:iasp91,828212,942803
2.4,2014-05-26,05:09:55,2014-05-26,15:09:55,-29.187,116.777,ML,-,-,"E of Morawa, WA.",0.0,FINL,AUST,-,-,dbgenloc:wa2a,828204,942791
1.8,2014-05-25,20:13:20,2014-05-26,06:13:20,-30.279,116.338,ML,-,-,"W of Dalwallinu, WA.",13.0,FINL,AUST,-,-,locsat:iasp91,828210,942800
1.4,2014-05-24,17:18:19,2014-05-25,03:18:19,-34.449,150.378,ML,-,-,"Near Bowral, NSW.",14.0,FINL,AUST,-,-,locsat:iasp91,827856,942418
2.8,2014-05-24,08:45:04,2014-05-24,18:45:04,-30.665,117.42,ML,-,-,"N of Koorda, WA.",16.0,FINL,AUST,-,-,locsat:iasp91,827855,942415
2.1,2014-05-22,16:52:15,2014-05-23,02:52:15,-32.463,150.474,ML,-,-,"W of Denman, NSW.",0.0,FINL,AUST,-,-,locsat:iasp91,826181,940703
2.3,2014-05-22,15:44:56,2014-05-23,01:44:56,-31.95,138.605,ML,-,-,"SE of Hawker, SA.",10.0,FINL,AUST,-,-,locsat:iasp91,826180,940698
1.9,2014-05-21,05:15:04,2014-05-21,15:15:04,-29.161,116.758,ML,-,-,"E of Morawa, WA.",10.0,FINL,AUST,-,-,locsat:iasp91,825561,940038
3.2,2014-05-20,22:53:54,2014-05-21,08:53:54,-38.502,147.357,ML,-,-,"Offshore SE of Seaspray, VIC.",12.0,FINL,AUST,-,-,locsat:iasp91,824926,939390
2.6,2014-05-20,18:33:14,2014-05-21,04:33:14,-38.443,146.009,ML,-,-,"Near Leongatha, VIC.",8.0,FINL,AUST,-,-,locsat:iasp91,824924,939384
1.9,2014-05-19,05:31:32,2014-05-19,15:31:32,-36.287,148.893,ML,-,-,"Near Berridale, NSW.",4.0,FINL,AUST,-,-,locsat:iasp91,824451,938908
2.4,2014-05-18,18:36:50,2014-05-19,04:36:50,-27.74,113.854,ML,-,-,"W of Kalbarri, WA.",10.0,FINL,AUST,-,-,locsat:iasp91,824222,938646
3.2,2014-05-17,14:33:11,2014-05-18,00:33:11,-37.945,137.447,ML,-,-,"S of Kangaroo Island, SA.",30.0,FINL,AUST,-,-,locsat:iasp91,823138,938504
2.3,2014-05-16,05:12:31,2014-05-16,15:12:31,-29.211,116.806,ML,-,-,"Near Mongers Lake, WA.",0.0,FINL,AUST,-,-,locsat:iasp91,824081,938481
2.3,2014-05-14,20:49:01,2014-05-15,06:49:01,-30.465,117.722,ML,-,-,"W of Beacon, WA.",10.0,FINL,AUST,-,-,locsat:iasp91,821910,936277
3.0,2014-05-13,13:51:00,2014-05-13,23:51:00,-28.327,122.339,ML,-,-,"N of Laverton, WA.",9.0,FINL,AUST,-,-,locsat:iasp91,821334,935699
1.8,2014-05-12,17:38:16,2014-05-13,03:38:16,-30.67,117.415,ML,-,-,"N of Koorda, WA.",5.0,FINL,AUST,-,-,locsat:iasp91,820771,935083
2.0,2014-05-12,16:00:35,2014-05-13,02:00:35,-32.487,117.294,ML,-,-,"NE of Pingelly, WA.",7.0,FINL,AUST,-,-,locsat:iasp91,820769,935080
2.0,2014-05-12,09:02:56,2014-05-12,19:02:56,-33.179,138.255,ML,-,-,"Near Laura, SA.",16.0,FINL,AUST,-,-,locsat:iasp91,820752,935059
2.0,2014-05-11,23:06:29,2014-05-12,09:06:29,-32.497,117.322,ML,-,-,"SE of Brookton, WA.",12.0,FINL,AUST,-,-,locsat:iasp91,820480,934768
2.2,2014-05-11,22:55:32,2014-05-12,08:55:32,-33.304,117.555,ML,-,-,"W of Dumbleyung, WA.",12.0,FINL,AUST,-,-,locsat:iasp91,820479,934767
2.4,2014-05-11,21:33:30,2014-05-12,07:33:30,-30.639,117.489,ML,-,-,"N of Koorda, WA.",15.0,FINL,AUST,-,-,locsat:iasp91,820478,934764
2.3,2014-05-11,21:13:21,2014-05-12,07:13:21,-30.654,117.424,ML,-,-,"N of Koorda, WA.",13.0,FINL,AUST,-,-,locsat:iasp91,820475,934759
2.9,2014-05-11,20:34:11,2014-05-12,06:34:11,-30.618,117.474,ML,-,-,"N of Koorda, WA.",12.0,FINL,AUST,-,-,locsat:iasp91,820161,934756
2.4,2014-05-11,19:30:58,2014-05-12,05:30:58,-33.278,117.62,ML,-,-,"Near Dumbleyung, WA.",9.0,FINL,AUST,-,-,locsat:iasp91,820470,934752
2.2,2014-05-11,19:04:30,2014-05-12,05:04:30,-32.479,117.309,ML,-,-,"SE of Brookton, WA.",10.0,FINL,AUST,-,-,locsat:iasp91,820469,934748
2.1,2014-05-11,10:27:00,2014-05-11,20:27:00,-32.18,117.663,ML,-,-,"NW of Corrigin, WA.",2.0,FINL,AUST,-,-,locsat:iasp91,820448,934729
1.6,2014-05-11,01:57:57,2014-05-11,11:57:57,-36.419,149.168,ML,-,-,"S of Cooma, NSW.",0.0,FINL,AUST,-,-,locsat:iasp91,820435,934698
1.9,2014-05-10,19:52:56,2014-05-11,05:52:56,-32.124,117.189,ML,-,-,"SW of Quairading, WA.",6.0,FINL,AUST,-,-,locsat:iasp91,820436,934700
2.5,2014-05-10,10:33:15,2014-05-10,20:33:15,-38.373,140.693,ML,-,-,"S of Mt Gambier, SA.",0.0,FINL,AUST,-,-,locsat:iasp91,820411,934670
2.3,2014-05-10,09:29:11,2014-05-10,19:29:11,-41.794,147.539,ML,-,-,"W of Avoca, TAS.",0.0,FINL,AUST,-,-,locsat:iasp91,819419,934649
2.3,2014-05-10,00:24:03,2014-05-10,10:24:03,-30.59,117.732,ML,-,-,"SW of Beacon, WA.",9.0,FINL,AUST,-,-,locsat:iasp91,820350,934603
3.4,2014-05-08,18:08:32,2014-05-09,04:08:32,-20.4,116.59,ML,-,-,"N of Dampier, WA.",30.0,FINL,AUST,-,-,locsat:iasp91,818442,932682
2.3,2014-05-08,10:42:57,2014-05-08,20:42:57,-30.537,117.052,ML,-,-,"W of Burakin, WA.",2.0,FINL,AUST,-,-,locsat:iasp91,818441,932668
1.9,2014-05-08,09:30:50,2014-05-08,19:30:50,-34.367,148.747,ML,-,-,"Near Boorowa, NSW.",10.0,FINL,AUST,-,-,locsat:iasp91,818447,932680
1.9,2014-05-06,08:14:20,2014-05-06,18:14:20,-30.632,117.432,ML,-,-,"N of Koorda, WA.",9.0,FINL,AUST,-,-,locsat:iasp91,817505,931670
1.5,2014-05-06,07:59:36,2014-05-06,17:59:36,-30.635,117.408,ML,-,-,"N of Koorda, WA.",7.0,FINL,AUST,-,-,locsat:iasp91,817516,931683
1.8,2014-05-05,15:54:56,2014-05-06,01:54:56,-32.113,117.192,ML,-,-,"E of Beverley, WA.",1.0,FINL,AUST,-,-,locsat:iasp91,817061,931222
1.9,2014-05-05,11:53:47,2014-05-05,21:53:47,-33.196,139.198,ML,-,-,"Pine Creek, SA.",0.0,FINL,AUST,-,-,locsat:iasp91,817062,931224
3.6,2014-05-04,22:37:54,2014-05-05,08:37:54,-23.005,128.589,ML,-,-,"Lake Mackay Region, WA.",10.0,FINL,AUST,-,-,dbgenloc:wa2a,816576,930859
1.9,2014-05-04,03:23:50,2014-05-04,13:23:50,-31.318,117.52,ML,-,-,"Near Wyalkatchem, WA.",4.0,FINL,AUST,-,-,locsat:iasp91,816635,930766
1.9,2014-05-03,10:21:13,2014-05-03,20:21:13,-31.258,117.59,ML,-,-,"SE of Wyalkatchem, WA.",10.0,FINL,AUST,-,-,locsat:iasp91,816636,930767
2.3,2014-05-02,20:00:07,2014-05-03,06:00:07,-31.867,138.613,ML,-,-,"E of Hawker, SA.",7.0,FINL,AUST,-,-,locsat:iasp91,816602,930727
2.3,2014-05-01,10:29:47,2014-05-01,20:29:47,-34.898,135.989,ML,-,-,"SE of Port Lincoln, SA.",10.0,FINL,AUST,-,-,locsat:iasp91,814149,928253
3.1,2014-05-01,08:17:51,2014-05-01,18:17:51,-18.205,126.419,ML,-,-,"E of Fitzroy Crossing, WA.",5.0,FINL,AUST,-,-,dbgenloc:wa2a,813692,928232
2.2,2014-04-29,19:25:01,2014-04-30,05:25:01,-32.85,139.489,ML,-,-,"S of Yunta, SA.",10.0,FINL,AUST,-,-,locsat:iasp91,812860,926919
2.6,2014-04-29,11:17:45,2014-04-29,21:17:45,-32.786,139.563,ML,-,-,"S of Yunta, SA.",0.0,FINL,AUST,-,-,locsat:iasp91,812859,926918
4.7,2014-04-29,09:54:56,2014-04-29,19:54:56,-32.796,139.541,ML,-,true,"S of Yunta, SA.",13.0,FINL,AUST,-,-,locsat:iasp91,812549,926931
2.5,2014-04-29,07:23:36,2014-04-29,17:23:36,-31.359,138.101,ML,-,-,"SW of Parachilna, SA.",10.0,FINL,AUST,-,-,locsat:iasp91,812970,927053
1.8,2014-04-26,10:56:54,2014-04-26,20:56:54,-30.547,117.074,ML,-,-,"Near Burakin, WA.",9.0,FINL,AUST,-,-,locsat:iasp91,811892,925935
1.7,2014-04-26,10:28:29,2014-04-26,20:28:29,-34.731,149.158,ML,-,-,"Dalton, NSW.",10.0,FINL,AUST,-,-,locsat:iasp91,811889,925931
2.2,2014-04-26,06:07:20,2014-04-26,16:07:20,-30.466,117.775,ML,-,-,"Near Beacon, WA.",8.0,FINL,AUST,-,-,locsat:iasp91,811881,925922
2.2,2014-04-24,23:14:44,2014-04-25,09:14:44,-34.04,118.486,ML,-,-,"E of Gnowangerup, WA.",0.0,FINL,AUST,-,-,locsat:iasp91,811788,925817
2.6,2014-04-23,13:01:06,2014-04-23,23:01:06,-33.328,138.463,ML,-,true,"Near Georgetown, SA.",10.0,FINL,AUST,-,-,locsat:iasp91,809624,923647
2.1,2014-04-22,09:40:12,2014-04-22,19:40:12,-32.676,138.415,ML,-,-,"NW of Orroroo, SA.",10.0,FINL,AUST,-,-,locsat:iasp91,808858,922868
2.0,2014-04-21,23:28:49,2014-04-22,09:28:49,-35.254,139.226,ML,-,-,"Brinkley, SA.",4.0,FINL,AUST,-,-,locsat:iasp91,821531,935871
2.9,2014-04-21,16:51:47,2014-04-22,02:51:47,-32.622,148.739,ML,-,-,"SW of Wellington, NSW.",0.0,FINL,AUST,-,-,locsat:iasp91,817955,932137
2.7,2014-04-21,09:42:01,2014-04-21,19:42:01,-24.753,114.918,ML,-,-,"E of Carnarvon, WA.",10.0,FINL,AUST,-,-,locsat:iasp91,821538,935880
2.3,2014-04-19,08:57:43,2014-04-19,18:57:43,-36.561,147.996,ML,-,-,"Near Tom Groggin, NSW.",0.0,FINL,AUST,-,-,locsat:iasp91,818071,932291
2.2,2014-04-19,04:34:29,2014-04-19,14:34:29,-36.55,148.06,ML,-,-,"Near Tom Groggin, NSW.",0.0,FINL,AUST,-,-,locsat:iasp91,817983,932187
2.1,2014-04-17,14:50:46,2014-04-18,00:50:46,-30.462,117.686,ML,-,-,"W of Beacon, WA.",8.0,FINL,AUST,-,-,locsat:iasp91,808545,922550
1.7,2014-04-15,00:58:52,2014-04-15,10:58:52,-30.775,121.336,ML,-,-,"Near Kalgoorlie, WA.",10.0,FINL,AUST,-,-,dbgenloc:iasp91,802833,916753
1.7,2014-04-14,16:05:35,2014-04-15,02:05:35,-30.549,117.304,ML,-,-,"E of Burakin, WA.",10.0,FINL,AUST,-,-,locsat:iasp91,802861,916791
2.7,2014-04-14,12:54:32,2014-04-14,22:54:32,-30.743,121.433,ML,-,true,"Kalgoorlie, WA.",10.0,FINL,AUST,-,-,locsat:iasp91,802273,916767
2.8,2014-04-13,19:13:09,2014-04-14,05:13:09,-31.853,138.422,ML,-,-,"Hawker, SA.",0.0,FINL,AUST,-,-,locsat:iasp91,801886,915747
2.1,2014-04-13,06:18:09,2014-04-13,16:18:09,-30.689,117.587,ML,-,-,"NE of Koorda, WA.",13.0,FINL,AUST,-,-,locsat:iasp91,801883,915738
2.9,2014-04-12,19:11:07,2014-04-13,05:11:07,-35.819,115.553,ML,-,-,"S of Windy Harbour, WA.",10.0,FINL,AUST,-,-,locsat:iasp91,801710,915531
1.7,2014-04-10,21:56:16,2014-04-11,07:56:16,-34.953,147.826,ML,-,-,"NW of Gundagai, NSW.",7.0,FINL,AUST,-,-,locsat:iasp91,797731,911514
2.1,2014-04-10,21:11:58,2014-04-11,07:11:58,-33.058,149.241,ML,-,-,"N of Orange, NSW.",10.0,FINL,AUST,-,-,locsat:iasp91,797627,911411
1.7,2014-04-10,01:20:15,2014-04-10,11:20:15,-33.52,149.421,ML,-,-,"SW of Bathurst, NSW.",10.0,FINL,AUST,-,-,locsat:iasp91,797526,911308
2.0,2014-04-09,13:37:56,2014-04-09,23:37:56,-33.682,139.156,ML,-,-,"E of Burra, SA.",10.0,FINL,AUST,-,-,locsat:iasp91,797106,910881
2.2,2014-04-08,18:29:46,2014-04-09,04:29:46,-30.407,117.763,ML,-,-,"Near Beacon, WA.",0.0,FINL,AUST,-,-,dbgenloc:wa2a,796757,910514
1.8,2014-04-08,13:26:27,2014-04-08,23:26:27,-30.274,117.8,ML,-,-,"NW of Beacon, WA.",4.0,FINL,AUST,-,-,locsat:iasp91,796754,910507
2.1,2014-04-08,03:05:22,2014-04-08,13:05:22,-30.469,117.718,ML,-,-,"W of Beacon, WA.",10.0,FINL,AUST,-,-,locsat:iasp91,796760,910524
2.1,2014-04-08,00:19:53,2014-04-08,10:19:53,-30.684,117.574,ML,-,-,"NE of Koorda, WA.",10.0,FINL,AUST,-,-,locsat:iasp91,796759,910522
2.1,2014-04-07,15:29:31,2014-04-08,01:29:31,-34.415,148.281,ML,-,-,"Near Young, NSW.",0.0,FINL,AUST,-,-,locsat:iasp91,796449,910195
1.9,2014-04-07,07:10:32,2014-04-07,17:10:32,-30.451,117.69,ML,-,-,"W of Beacon, WA.",9.0,FINL,AUST,-,-,locsat:iasp91,796398,910138
2.2,2014-04-07,00:00:14,2014-04-07,10:00:14,-30.462,117.718,ML,-,-,"W of Beacon, WA.",10.0,FINL,AUST,-,-,locsat:iasp91,795995,910130
2.1,2014-04-06,16:18:17,2014-04-07,02:18:17,-38.608,144.746,ML,-,-,"S of Cape Schanck, VIC.",10.0,FINL,AUST,-,-,locsat:iasp91,795994,909725
2.2,2014-04-05,12:01:16,2014-04-05,23:01:16,-30.463,117.727,ML,-,-,"Near Beacon, WA.",0.0,FINL,AUST,-,-,dbgenloc:wa2a,795968,909719
2.3,2014-04-05,10:16:48,2014-04-05,21:16:48,-30.446,117.781,ML,-,-,"Near Beacon, WA.",0.0,FINL,AUST,-,-,dbgenloc:wa2a,795950,909680
2.3,2014-04-05,06:47:30,2014-04-05,17:47:30,-30.659,117.627,ML,-,-,"NE of Koorda, WA.",9.0,FINL,AUST,-,-,locsat:iasp91,795925,909621
3.1,2014-04-05,02:55:54,2014-04-05,13:55:54,-30.414,117.778,ML,-,-,"Beacon, WA.",7.0,FINL,AUST,-,-,locsat:iasp91,795290,909630
2.6,2014-04-04,15:21:01,2014-04-05,02:21:01,-30.775,121.428,ML,-,true,"Kalgoorlie, WA.",0.0,FINL,AUST,-,-,dbgenloc:wa2a,794982,909644
3.0,2014-04-04,13:03:08,2014-04-05,00:03:08,-30.723,121.176,ML,-,true,"W of Kalgoorlie, WA.",0.0,FINL,AUST,-,-,dbgenloc:wa2a,795929,909634
2.0,2014-04-03,20:31:46,2014-04-04,07:31:46,-30.625,117.666,ML,-,-,"SW of Beacon, WA.",0.0,FINL,AUST,-,-,locsat:iasp91,794731,908413
2.0,2014-04-03,19:31:12,2014-04-04,06:31:12,-30.461,117.733,ML,-,-,"W of Beacon, WA.",0.0,FINL,AUST,-,-,locsat:iasp91,794652,908333
2.3,2014-04-03,19:17:22,2014-04-04,06:17:22,-30.44,117.77,ML,-,-,"W of Beacon, WA.",0.0,FINL,AUST,-,-,locsat:iasp91,794648,908328
2.9,2014-04-02,20:18:05,2014-04-03,07:18:05,-39.736,144.425,ML,-,-,"Offshore King Island, TAS.",0.0,FINL,AUST,-,-,locsat:iasp91,794041,907715
2.8,2014-04-02,03:23:15,2014-04-02,14:23:15,-33.649,139.101,ML,-,-,"Near Burra, SA.",7.0,FINL,AUST,-,-,locsat:iasp91,793904,907576
2.4,2014-04-01,07:13:46,2014-04-01,18:13:46,-30.443,117.786,ML,-,-,"Near Beacon, WA.",2.0,FINL,AUST,-,-,dbgenloc:wa2a,793376,907040
2.9,2014-04-01,07:01:57,2014-04-01,18:01:57,-30.422,117.768,ML,-,-,"Near Beacon, WA.",2.0,FINL,AUST,-,-,dbgenloc:wa2a,793375,907039
2.8,2014-03-31,05:40:19,2014-03-31,16:40:19,-32.71,138.311,ML,-,-,"N of Booleroo, SA.",9.0,FINL,AUST,-,-,locsat:iasp91,792456,906536
2.1,2014-03-30,20:38:31,2014-03-31,07:38:31,-30.592,117.698,ML,-,-,"NW of Bencubbin, WA.",5.0,FINL,AUST,-,-,locsat:iasp91,792455,906102
1.6,2014-03-30,13:42:49,2014-03-31,00:42:49,-34.867,148.029,ML,-,-,"N of Gundagai, NSW.",0.0,FINL,AUST,-,-,locsat:iasp91,792426,906070
2.2,2014-03-30,13:30:31,2014-03-31,00:30:31,-32.518,138.35,ML,-,-,"SE of Quorn, SA.",10.0,FINL,AUST,-,-,locsat:iasp91,792411,906053
1.7,2014-03-30,10:18:16,2014-03-30,21:18:16,-36.277,149.302,ML,-,-,"SE of Cooma, NSW.",0.0,FINL,AUST,-,-,locsat:iasp91,792380,906018
1.7,2014-03-29,17:44:48,2014-03-30,04:44:48,-31.644,117.035,ML,-,-,"Meckering, WA.",10.0,FINL,AUST,-,-,locsat:iasp91,792358,905997
2.0,2014-03-28,17:52:48,2014-03-29,04:52:48,-30.752,118.348,ML,-,-,"NE of Mukinbudin, WA.",11.0,FINL,AUST,-,-,locsat:iasp91,792290,905911
1.9,2014-03-27,15:48:07,2014-03-28,02:48:07,-30.421,117.785,ML,-,-,"Near Beacon, WA.",0.0,FINL,AUST,-,-,locsat:iasp91,790687,904265
1.9,2014-03-27,14:47:36,2014-03-28,01:47:36,-30.483,117.725,ML,-,-,"SW of Beacon, WA.",8.0,FINL,AUST,-,-,locsat:iasp91,790686,904263
2.3,2014-03-27,13:48:10,2014-03-28,00:48:10,-30.379,117.823,ML,-,-,"Near Beacon, WA.",0.0,FINL,AUST,-,-,dbgenloc:wa2a,790684,904260
2.0,2014-03-26,18:36:30,2014-03-27,05:36:30,-34.145,150.557,ML,-,-,"Near Picton, NSW.",12.0,FINL,AUST,-,-,locsat:iasp91,790190,903755
1.5,2014-03-26,07:18:14,2014-03-26,18:18:14,-34.673,148.819,ML,-,-,"N of Bowning, NSW.",0.0,FINL,AUST,-,-,locsat:iasp91,790186,903743
2.8,2014-03-25,17:57:13,2014-03-26,04:57:13,-36.422,121.639,ML,-,-,"S of Esperance, WA.",10.0,FINL,AUST,-,-,dbgenloc:wa2a,789376,902932
2.6,2014-03-25,05:52:00,2014-03-25,16:52:00,-34.235,148.951,ML,-,-,"NE of Frogmore, NSW.",0.0,FINL,AUST,-,-,locsat:iasp91,788836,902884
2.3,2014-03-24,08:50:39,2014-03-24,19:50:39,-32.105,138.299,ML,-,-,"Gordon, SA.",13.0,FINL,AUST,-,-,locsat:iasp91,788288,902261
2.0,2014-03-24,04:56:02,2014-03-24,15:56:02,-30.761,121.401,ML,-,true,"Near Kalgoorlie, WA.",10.0,FINL,AUST,-,-,locsat:iasp91,788281,902253
2.1,2014-03-23,02:58:38,2014-03-23,13:58:38,-30.489,117.691,ML,-,-,"SW of Beacon, WA.",10.0,FINL,AUST,-,-,locsat:iasp91,788265,901779
1.8,2014-03-22,09:28:45,2014-03-22,20:28:45,-30.478,117.726,ML,-,-,"Near Beacon, WA.",10.0,FINL,AUST,-,-,locsat:iasp91,788186,901683
2.1,2014-03-21,20:36:12,2014-03-22,07:36:12,-30.679,117.457,ML,-,-,"N of Koorda, WA.",6.0,FINL,AUST,-,-,dbgenloc:wa2a,788179,901663
2.2,2014-03-21,16:46:38,2014-03-22,03:46:38,-33.196,150.214,ML,-,-,"Wolgan Valley Area, NSW.",5.0,FINL,AUST,-,-,dbgenloc:dal1a,788177,901659
